id,name_bn,short_name,name_en,type,location,is_active,created_at,code,aliases,slug,eiin,ownership,education_board,division,district,upazila,is_verified,display_order,updated_at
0029bc8a-99e7-41f4-8e05-703211bbf3f0,"সরকারি কমার্স কলেজ, চট্টগ্রাম",CCC,"Govt. Commerce College, Chattogram",college,,true,2026-05-15 09:51:05.972643+00,104302,"[""govt. commerce college, chattogram""]",govt-commerce-college-chattogram,104302,,Chattogram,Chattogram,Chattogram,Chattogram Sadar,true,0,2026-05-15 09:56:46.10834+00
01148be8-b688-450f-b843-86915308c236,মোহাম্মদপুর কেন্দ্রীয় কলেজ,MKC,Mohammadpur Kendriya College,college,"Dhaka, Dhaka",true,2026-05-15 17:06:49.215844+00,92000011,"[""mohammadpur kendriya college"",""mkc"",""মোহাম্মদপুর কেন্দ্রীয় কলেজ""]",mohammadpur-kendriya-college,92000011,,,Dhaka,Dhaka,,true,211,2026-05-15 17:19:02.565067+00
0318e612-0fce-4907-9d14-d0046bfc4042,"নটর ডেম কলেজ, ঢাকা",NDC,"Notre Dame College, Dhaka",college,,true,2026-05-15 09:51:05.972643+00,108274,"[""ndc"",""notre dame college"",""notre dame college, dhaka"",""নটরডেম""]",notre-dame-college-dhaka,108274,,Dhaka,Dhaka,Dhaka,Dhaka Sadar,true,0,2026-05-15 09:56:46.10834+00
03473b78-0d6b-4027-8ca2-bf8153bf2f0e,ভিকারুননিসা নূন স্কুল অ্যান্ড কলেজ,VNSC,Viqarunnisa Noon School & College,college,,true,2026-05-15 09:51:05.972643+00,108357,"[""viqarunnisa noon school & college"",""viqarunnisa noon"",""vnsc""]",viqarunnisa-noon-school-college,108357,,Dhaka,Dhaka,Dhaka,Dhaka Sadar,true,0,2026-05-15 09:56:46.10834+00
03bb0973-bead-4701-a579-25df9b02686b,"সরকারি শাহ্ সুলতান কলেজ, বগুড়া",SSCB,"Govt. Shah Sultan College, Bogura",college,,true,2026-05-15 09:51:05.972643+00,119248,"[""govt. shah sultan college, bogura""]",govt-shah-sultan-college-bogura,119248,,Rajshahi,Rajshahi,Bogura,Bogura Sadar,true,0,2026-05-15 09:56:46.10834+00
0aa4a592-791c-4724-b649-8719becdf288,ইসলামী বিশ্ববিদ্যালয়,IU,"Islamic University, Bangladesh",university,"Kushtia, Khulna",true,2026-05-15 16:34:19.719951+00,90000007,"[""islamic university, bangladesh"",""iu"",""islamic university"",""islamic university bangladesh"",""ইবি""]",islamic-university-bangladesh,90000007,,,Khulna,Kushtia,Kushtia Sadar,true,7,2026-05-15 16:34:19.719951+00
0ac018b0-43c3-4ebf-8948-2cd7b850036f,"পুলিশ লাইন্স স্কুল অ্যান্ড কলেজ, রংপুর",PLS,"Police Lines School & College, Rangpur",college,,true,2026-05-15 09:51:05.972643+00,127501,"[""police lines school & college, rangpur""]",police-lines-school-college-rangpur,127501,,Rangpur,Rangpur,Rangpur,Rangpur Sadar,true,0,2026-05-15 09:56:46.10834+00
0acfb5f2-23f4-4c63-bc0a-bed81c5537a2,"সরকারি সিটি কলেজ, চট্টগ্রাম",GCC,"Govt. City College, Chattogram",college,,true,2026-05-15 09:51:05.972643+00,104301,"[""govt. city college, chattogram""]",govt-city-college-chattogram,104301,,Chattogram,Chattogram,Chattogram,Chattogram Sadar,true,0,2026-05-15 09:56:46.10834+00
0ede3f2b-c4ec-4a0a-a879-22247dd2cabf,নর্থ সাউথ ইউনিভার্সিটি,NSU,North South University,university,"Dhaka, Dhaka",true,2026-05-15 16:34:19.719951+00,90000036,"[""north south university"",""nsu"",""নর্থ সাউথ""]",north-south-university,90000036,,,Dhaka,Dhaka,Dhaka Sadar,true,36,2026-05-15 16:34:19.719951+00
10ee79f6-7e99-494f-856a-37894c35edc0,"বেগম রোকেয়া বিশ্ববিদ্যালয়, রংপুর",BRUR,"Begum Rokeya University, Rangpur",university,"Rangpur, Rangpur",true,2026-05-15 16:34:19.719951+00,90000024,"[""begum rokeya university, rangpur"",""brur"",""begum rokeya university"",""begum rokeya university rangpur"",""বেরোবি""]",begum-rokeya-university-rangpur,90000024,,,Rangpur,Rangpur,Rangpur Sadar,true,24,2026-05-15 16:34:19.719951+00
11dadb98-5252-45b2-a978-0ff369ff352e,হবিগঞ্জ সরকারি মহিলা কলেজ,HGWC,Habiganj Govt. Women's College,college,"Habiganj, Sylhet",true,2026-05-15 17:06:49.215844+00,92000044,"[""habiganj govt women's college"",""habiganj government women college"",""হবিগঞ্জ সরকারি মহিলা কলেজ""]",habiganj-govt-womens-college,92000044,,,Sylhet,Habiganj,,true,244,2026-05-15 17:19:02.565067+00
127467db-6bf4-4ad4-91ab-57700856b71c,হাজী কাশেম আলী কলেজ,HKA,Haji Kashem Ali College,college,,true,2026-05-15 09:51:05.972643+00,111917,"[""haji kashem ali college""]",haji-kashem-ali-college,111917,,Mymensingh,Mymensingh,Mymensingh,Mymensingh Sadar,true,0,2026-05-15 09:56:46.10834+00
12cc5f30-19de-44fb-8b73-d4439f8d4407,বরিশাল বিশ্ববিদ্যালয়,BU,University of Barishal,university,"Barishal, Barishal",true,2026-05-15 16:34:19.719951+00,90000026,"[""university of barishal"",""bu"",""barishal university"",""ববি""]",university-of-barishal,90000026,,,Barishal,Barishal,Barishal Sadar,true,26,2026-05-15 16:34:19.719951+00
146325ce-00a1-44f4-9f05-720d36191384,ক্যান্টনমেন্ট পাবলিক স্কুল ও কলেজ মোমেনশাহী (CPSC),CPSCM,Cantonment Public School and College Momenshahi (CPSC),college,"Mymensingh, Mymensingh",true,2026-05-15 17:06:49.215844+00,92000049,"[""cpsc mymensingh"",""cantonment public school and college momenshahi"",""cantonment public school and college mymensingh"",""ক্যান্টনমেন্ট পাবলিক স্কুল ও কলেজ মোমেনশাহী""]",cantonment-public-school-and-college-momenshahi-cpsc,92000049,,,Mymensingh,Mymensingh,,true,249,2026-05-15 17:19:02.565067+00
1472acaf-4903-4dae-b197-518e1b9846ea,"আইডিয়াল স্কুল অ্যান্ড কলেজ, মতিঝিল",ISC,"Ideal School and College, Motijheel",college,"Dhaka, Dhaka",true,2026-05-15 17:06:49.215844+00,92000001,"[""ideal school and college"",""ideal school and college motijheel"",""motijheel ideal school and college"",""ideal college"",""iscm"",""আইডিয়াল স্কুল অ্যান্ড কলেজ"",""মতিঝিল আইডিয়াল""]",ideal-school-and-college-motijheel,92000001,,,Dhaka,Dhaka,,true,201,2026-05-15 17:19:02.565067+00
156d1e82-e0b6-408e-b24e-7892b65d0ed0,রাজশাহী প্রকৌশল ও প্রযুক্তি বিশ্ববিদ্যালয়,RUET,Rajshahi University of Engineering & Technology,university,"Rajshahi, Rajshahi",true,2026-05-15 16:34:19.719951+00,90000011,"[""rajshahi university of engineering & technology"",""ruet"",""rajshahi university of engineering and technology"",""রুয়েট""]",rajshahi-university-of-engineering-and-technology,90000011,,,Rajshahi,Rajshahi,Rajshahi Sadar,true,11,2026-05-15 16:34:19.719951+00
1675d61b-5852-4514-80c9-d8a47e51bb79,"ব্লু-বার্ড হাই স্কুল অ্যান্ড কলেজ, সিলেট",BBHSC,"Blue Bird High School and College, Sylhet",college,"Sylhet, Sylhet",true,2026-05-15 17:06:49.215844+00,92000043,"[""blue bird high school and college"",""blue bird college sylhet"",""blue bird sylhet"",""ব্লু বার্ড হাই স্কুল অ্যান্ড কলেজ""]",blue-bird-high-school-and-college-sylhet,92000043,,,Sylhet,Sylhet,,true,243,2026-05-15 17:19:02.565067+00
173d30f6-ad0a-4ba6-acad-bfe53048b18d,"সরকারি বিজ্ঞান কলেজ, ঢাকা",GSC,"Govt. Science College, Dhaka",college,,true,2026-05-15 09:51:05.972643+00,108535,"[""govt. science college"",""govt science college""]",govt-science-college-dhaka,108535,government,Dhaka,Dhaka,Dhaka,Dhaka Sadar,true,0,2026-05-16 04:18:57.713364+00
173ef05c-1837-4599-8637-d8c70fef5af3,চট্টগ্রাম ক্যান্টনমেন্ট পাবলিক কলেজ,CCP,Chittagong Cantonment Public College,college,,true,2026-05-15 09:51:05.972643+00,104051,"[""chittagong cantonment public college""]",chittagong-cantonment-public-college,104051,,Chattogram,Chattogram,Chattogram,Chattogram Sadar,true,0,2026-05-15 09:56:46.10834+00
173ff093-7761-4f89-b441-7fb36e6b5501,নোয়াখালী বিজ্ঞান ও প্রযুক্তি বিশ্ববিদ্যালয়,NSTU,Noakhali Science and Technology University,university,"Noakhali, Chattogram",true,2026-05-15 16:34:19.719951+00,90000017,"[""noakhali science and technology university"",""nstu"",""নোবিপ্রবি""]",noakhali-science-and-technology-university,90000017,,,Chattogram,Noakhali,Noakhali Sadar,true,17,2026-05-15 16:34:19.719951+00
18f4f3f9-baea-456c-b4ef-903f747536c6,"বিসিআইসি (BCIC) কলেজ, মিরপুর",BCIC,"BCIC College, Mirpur",college,"Dhaka, Dhaka",true,2026-05-15 17:06:49.215844+00,92000009,"[""bcic college"",""bcic college mirpur"",""বিসিআইসি কলেজ""]",bcic-college-mirpur,92000009,,,Dhaka,Dhaka,,true,209,2026-05-15 17:19:02.565067+00
1931c4b1-c0c2-4f01-8697-9fc9061f1740,পঞ্চগড় সরকারি মহিলা কলেজ,PGWSC,Panchagarh Govt. Women's College,college,,true,2026-05-15 09:51:05.972643+00,126148,"[""panchagarh govt. women’s college""]",panchagarh-govt-womens-college,126148,,Rangpur,Rangpur,Panchagarh,Panchagarh Sadar,true,0,2026-05-16 06:23:25.894956+00
198eac2d-0868-4939-ae26-6b118c3ee7ea,সাভার ক্যান্টনমেন্ট পাবলিক স্কুল ও কলেজ,Savar CPSC,Savar Cantonment Public School and College,college,"Dhaka, Dhaka",true,2026-05-15 17:06:49.215844+00,92000010,"[""savar cantonment public school and college"",""savar cpsc"",""cantonment public school and college savar"",""সাভার ক্যান্টনমেন্ট পাবলিক স্কুল ও কলেজ""]",savar-cantonment-public-school-and-college,92000010,,,Dhaka,Dhaka,,true,210,2026-05-15 17:06:49.215844+00
1a7d825f-8a84-4954-8a9f-9768e3426ce0,মাওলানা ভাসানী বিজ্ঞান ও প্রযুক্তি বিশ্ববিদ্যালয়,MBSTU,Mawlana Bhashani Science and Technology University,university,"Tangail, Dhaka",true,2026-05-15 16:34:19.719951+00,90000020,"[""mawlana bhashani science and technology university"",""mbstu"",""মাভাবিপ্রবি""]",mawlana-bhashani-science-and-technology-university,90000020,,,Dhaka,Tangail,Tangail Sadar,true,20,2026-05-15 16:34:19.719951+00
1b8867f3-112f-4165-aa99-a309a32897ef,জয়পুরহাট সরকারি কলেজ,JGC,Joypurhat Govt. College,college,,true,2026-05-15 09:51:05.972643+00,121897,"[""joypurhat govt. college""]",joypurhat-govt-college,121897,,Rajshahi,Rajshahi,Joypurhat,Joypurhat Sadar,true,0,2026-05-16 06:23:25.894956+00
1babcd94-785a-43af-915e-40b892957228,ঢাকা রেসিডেনসিয়াল মডেল কলেজ,DRMC,Dhaka Residential Model College,college,,true,2026-05-15 09:51:05.972643+00,108258,"[""dhaka residential model college"",""drmc""]",dhaka-residential-model-college,108258,,Dhaka,Dhaka,Dhaka,Dhaka Sadar,true,0,2026-05-15 09:56:46.10834+00
1c01cd5f-9eb2-46db-bccc-abe70a7a4b9c,ব্র্যাক ইউনিভার্সিটি,BRACU,BRAC University,university,"Dhaka, Dhaka",true,2026-05-15 16:34:19.719951+00,90000037,"[""brac university"",""bracu"",""brac""]",brac-university,90000037,,,Dhaka,Dhaka,Dhaka Sadar,true,37,2026-05-15 16:34:19.719951+00
1d699b81-c889-4a40-ab75-a6cd937f2a58,নেত্রকোনা সরকারি কলেজ,NGC,Netrokona Govt. College,college,,true,2026-05-15 09:51:05.972643+00,112803,"[""netrokona govt. college""]",netrokona-govt-college,112803,,Mymensingh,Mymensingh,Netrokona,Netrokona Sadar,true,0,2026-05-16 06:23:25.894956+00
20697925-39e9-414b-bbce-2ba0aa942583,নড়াইল সরকারি ভিক্টোরিয়া কলেজ,NVC,Narail Govt. Victoria College,college,,true,2026-05-15 09:51:05.972643+00,118495,"[""narail govt. victoria college""]",narail-govt-victoria-college,118495,,Khulna,Khulna,Narail,Narail Sadar,true,0,2026-05-15 09:56:46.10834+00
21ce7a9a-ed6c-4222-bb16-9e71711db9cd,চুয়াডাঙ্গা সরকারি কলেজ,CGC,Chuadanga Govt. College,college,"Chuadanga, Khulna",true,2026-05-15 17:06:49.215844+00,92000033,"[""chuadanga govt college"",""chuadanga government college"",""চুয়াডাঙ্গা সরকারি কলেজ""]",chuadanga-govt-college,92000033,,,Khulna,Chuadanga,,true,233,2026-05-15 17:19:02.565067+00
22b3c0f4-0ffc-4ee7-9c92-64257ae93311,"কালেক্টরেট স্কুল অ্যান্ড কলেজ, রংপুর",CSCR,"Collectorate School and College, Rangpur",college,"Rangpur, Rangpur",true,2026-05-15 17:06:49.215844+00,92000041,"[""collectorate school and college rangpur"",""collectorate college rangpur"",""কালেক্টরেট স্কুল অ্যান্ড কলেজ রংপুর""]",collectorate-school-and-college-rangpur,92000041,,,Rangpur,Rangpur,,true,241,2026-05-15 17:19:02.565067+00
257b9b30-5784-49b6-9a3d-d6b9638e2cee,জয়পুরহাট গার্লস ক্যাডেট কলেজ,JGCC,Joypurhat Girls' Cadet College,college,,true,2026-05-15 09:51:05.972643+00,122068,"[""joypurhat girls cadet college"",""joypurhat girls' cadet college"",""জয়পুরহাট গার্লস ক্যাডেট কলেজ"",""jgcc""]",joypurhat-girls-cadet-college,122068,,Rajshahi,Rajshahi,Joypurhat,Joypurhat Sadar,true,0,2026-05-15 09:56:46.10834+00
279d4287-3103-4785-9a0b-363681f7707d,সিলেট কমার্স কলেজ,SCC,Sylhet Commerce College,college,,true,2026-05-15 09:51:05.972643+00,131911,"[""sylhet commerce college""]",sylhet-commerce-college,131911,,Sylhet,Sylhet,Sylhet,Sylhet Sadar,true,0,2026-05-16 06:23:25.894956+00
27bded62-7a51-421b-937f-e2eca5c6a736,বাংলাদেশ এভিয়েশন অ্যান্ড অ্যারোস্পেস বিশ্ববিদ্যালয়,BSMRAAU,Bangabandhu Sheikh Mujibur Rahman Aviation and Aerospace University,university,"Dhaka, Dhaka",true,2026-05-15 16:34:19.719951+00,90000035,"[""bangabandhu sheikh mujibur rahman aviation and aerospace university"",""bsmraau"",""aviation and aerospace university"",""aerospace university bangladesh""]",bangabandhu-sheikh-mujibur-rahman-aviation-and-aerospace-university,90000035,,,Dhaka,Dhaka,Dhaka Sadar,true,35,2026-05-15 16:34:19.719951+00
2acae2f0-1a0e-4803-b148-306f7b196bc2,পটুয়াখালী সরকারি মহিলা কলেজ,PGWC,Patuakhali Govt. Women's College,college,"Patuakhali, Barishal",true,2026-05-15 17:06:49.215844+00,92000048,"[""patuakhali govt women's college"",""patuakhali government women college"",""পটুয়াখালী সরকারি মহিলা কলেজ""]",patuakhali-govt-womens-college,92000048,,,Barishal,Patuakhali,,true,248,2026-05-15 17:19:02.565067+00
2b0a4eb0-6074-4d02-a8dd-59531052511d,শাহজালাল বিজ্ঞান ও প্রযুক্তি বিশ্ববিদ্যালয়,SUST,Shahjalal University of Science and Technology,university,"Sylhet, Sylhet",true,2026-05-15 16:34:19.719951+00,90000016,"[""shahjalal university of science and technology"",""sust"",""শাবিপ্রবি""]",shahjalal-university-of-science-and-technology,90000016,,,Sylhet,Sylhet,Sylhet Sadar,true,16,2026-05-15 16:34:19.719951+00
2b44008d-65ba-4ed3-ac4b-e1dfc49c6d07,বাংলাদেশ কৃষি বিশ্ববিদ্যালয়,BAU,Bangladesh Agricultural University,university,"Mymensingh, Mymensingh",true,2026-05-15 16:34:19.719951+00,90000029,"[""bangladesh agricultural university"",""bau"",""বাকৃবি""]",bangladesh-agricultural-university,90000029,,,Mymensingh,Mymensingh,Mymensingh Sadar,true,29,2026-05-15 16:34:19.719951+00
2bcfb662-dc96-4065-93c9-a2d70c798e6b,রাজশাহী সরকারি সিটি কলেজ,RGCC,Rajshahi Govt. City College,college,,true,2026-05-15 09:51:05.972643+00,126489,"[""rajshahi govt. city college""]",rajshahi-govt-city-college,126489,,Rajshahi,Rajshahi,Rajshahi,Rajshahi Sadar,true,0,2026-05-16 06:23:25.894956+00
2c36501a-0ad7-4a2d-90f0-238c7b95ddfb,সিলেট কৃষি বিশ্ববিদ্যালয়,SAU-Sylhet,Sylhet Agricultural University,university,"Sylhet, Sylhet",true,2026-05-15 16:34:19.719951+00,90000033,"[""sylhet agricultural university"",""sau-sylhet"",""sau sylhet"",""সিকৃবি""]",sylhet-agricultural-university,90000033,,,Sylhet,Sylhet,Sylhet Sadar,true,33,2026-05-15 16:34:19.719951+00
2d2bac01-8a2e-4a15-91bb-f05b94b51027,ভোলা সরকারি মহিলা কলেজ,BGWC,Bhola Govt. Women's College,college,"Bhola, Barishal",true,2026-05-15 17:06:49.215844+00,92000047,"[""bhola govt women's college"",""bhola government women college"",""ভোলা সরকারি মহিলা কলেজ""]",bhola-govt-womens-college,92000047,,,Barishal,Bhola,,true,247,2026-05-15 17:19:02.565067+00
2d7a6e34-5117-4ff5-bffb-6259ef366d21,"সরকারি মজিদ মেমোরিয়াল (এম.এম) সিটি কলেজ, খুলনা",GMMCC,"Govt. Majid Memorial City College, Khulna",college,"Khulna, Khulna",true,2026-05-15 17:06:49.215844+00,92000031,"[""govt majid memorial city college"",""govt mm city college"",""mm city college khulna"",""সরকারি মজিদ মেমোরিয়াল সিটি কলেজ""]",govt-majid-memorial-city-college-khulna,92000031,,,Khulna,Khulna,,true,231,2026-05-15 17:19:02.565067+00
2f5665f9-c44d-4c69-ad28-92b353977602,মাইলস্টোন কলেজ,MC,Milestone College,college,,true,2026-05-15 09:51:05.972643+00,108572,"[""milestone college""]",milestone-college,108572,,Dhaka,Dhaka,Dhaka,Dhaka Sadar,true,0,2026-05-16 06:23:25.894956+00
302b4d03-f1e6-4aea-bfb3-fc85df0123d3,সিলেট সরকারি মহিলা কলেজ,SGWSC,Sylhet Govt. Women's College,college,,true,2026-05-15 09:51:05.972643+00,130453,"[""sylhet govt. women’s college""]",sylhet-govt-womens-college,130453,,Sylhet,Sylhet,Sylhet,Sylhet Sadar,true,0,2026-05-16 06:23:25.894956+00
324f8a1f-6b55-47b2-be4f-a99485f38c64,সুনামগঞ্জ সরকারি কলেজ,SGC,Sunamganj Govt. College,college,,true,2026-05-15 09:51:05.972643+00,130114,"[""sunamganj govt. college""]",sunamganj-govt-college,130114,,Sylhet,Sylhet,Sunamganj,Sunamganj Sadar,true,0,2026-05-16 06:23:25.894956+00
33913f5b-91ec-4e34-9ceb-913166970e51,ঘাটাইল ব্রাহ্মণশাসন সরকারি কলেজ,GBG,Ghatail Brahmanshason Govt. College,college,"Ghatail, Tangail, Bangladesh",true,2026-05-15 18:36:14.914807+00,114197,"[""gbg"",""g.b.g. college"",""gbg college"",""g b g college"",""ghatail brahmanshason govt college"",""ghatail brahmanshason government college"",""ghatail brahman shashon govt college"",""ghatail brahman shashon government college"",""ঘাটাইল ব্রাহ্মণশাসন সরকারি কলেজ"",""জিবিজি কলেজ""]",ghatail-brahmanshason-govt-college,114197,,Dhaka,Dhaka,Tangail,Ghatail,true,0,2026-05-15 18:36:14.914807+00
381b5a39-ac95-4292-b5c9-45cd82d34e83,পাবনা বিজ্ঞান ও প্রযুক্তি বিশ্ববিদ্যালয়,PUST,Pabna University of Science and Technology,university,"Pabna, Rajshahi",true,2026-05-15 16:34:19.719951+00,90000021,"[""pabna university of science and technology"",""pust"",""পাবিপ্রবি""]",pabna-university-of-science-and-technology,90000021,,,Rajshahi,Pabna,Pabna Sadar,true,21,2026-05-15 16:34:19.719951+00
396dba65-ee5f-4a6b-aeac-2ce6f38a4e8a,শেরেবাংলা কৃষি বিশ্ববিদ্যালয়,SAU,Sher-e-Bangla Agricultural University,university,"Dhaka, Dhaka",true,2026-05-15 16:34:19.719951+00,90000030,"[""sher-e-bangla agricultural university"",""sau"",""শেকৃবি""]",sher-e-bangla-agricultural-university,90000030,,,Dhaka,Dhaka,Dhaka Sadar,true,30,2026-05-15 16:34:19.719951+00
39d27d8b-5952-444e-a3ac-2fb8e23c73b0,জামালপুর সরকারি আশেক মাহমুদ কলেজ,JGAMC,Jamalpur Govt. Ashek Mahmud College,college,,true,2026-05-15 09:51:05.972643+00,110246,"[""jamalpur govt. ashek mahmud college""]",jamalpur-govt-ashek-mahmud-college,110246,,Mymensingh,Mymensingh,Jamalpur,Jamalpur Sadar,true,0,2026-05-16 06:23:25.894956+00
3bcbd389-2422-4587-b706-516a4bd9888d,দিনাজপুর ক্যান্টনমেন্ট পাবলিক স্কুল ও কলেজ,DCPSC,Dinajpur Cantonment Public School and College,college,"Dinajpur, Rangpur",true,2026-05-15 17:06:49.215844+00,92000036,"[""dinajpur cpsc"",""dinajpur cantonment public school and college"",""দিনাজপুর ক্যান্টনমেন্ট পাবলিক স্কুল ও কলেজ""]",dinajpur-cantonment-public-school-and-college,92000036,,,Rangpur,Dinajpur,,true,236,2026-05-15 17:19:02.565067+00
3d6484db-cd7a-4bc2-a2c9-f9a40132296b,"সরকারি এডওয়ার্ড কলেজ, পাবনা",ECP,"Govt. Edward College, Pabna",college,,true,2026-05-15 09:51:05.972643+00,125663,"[""govt. edward college, pabna""]",govt-edward-college-pabna,125663,,Rajshahi,Rajshahi,Pabna,Pabna Sadar,true,0,2026-05-15 09:56:46.10834+00
3d7fe814-8148-41a3-95e6-8584f8f9746f,সরকারি হাজী মুহাম্মদ মহসিন কলেজ,HMM,Govt. Hazi Muhammad Mohsin College,college,,true,2026-05-15 09:51:05.972643+00,104527,"[""govt. hazi muhammad mohsin college""]",govt-hazi-muhammad-mohsin-college,104527,,Chattogram,Chattogram,Chattogram,Chattogram Sadar,true,0,2026-05-15 09:56:46.10834+00
40f39807-a718-4afd-afe5-da063306947f,সাতক্ষীরা সরকারি কলেজ,SGC,Satkhira Govt. College,college,,true,2026-05-15 09:51:05.972643+00,118909,"[""satkhira govt. college""]",satkhira-govt-college,118909,,Khulna,Khulna,Satkhira,Satkhira Sadar,true,0,2026-05-16 06:23:25.894956+00
4114cc99-20a7-4e9d-8d62-7c81b2469191,আমেরিকান ইন্টারন্যাশনাল ইউনিভার্সিটি-বাংলাদেশ,AIUB,American International University-Bangladesh,university,"Dhaka, Dhaka",true,2026-05-15 16:34:19.719951+00,90000039,"[""american international university-bangladesh"",""aiub"",""american international university bangladesh""]",american-international-university-bangladesh,90000039,,,Dhaka,Dhaka,Dhaka Sadar,true,39,2026-05-15 16:34:19.719951+00
41344c77-a1c5-44ac-9fd7-4e3899ef12a4,খুলনা প্রকৌশল ও প্রযুক্তি বিশ্ববিদ্যালয়,KUET,Khulna University of Engineering & Technology,university,"Khulna, Khulna",true,2026-05-15 16:34:19.719951+00,90000013,"[""khulna university of engineering & technology"",""kuet"",""khulna university of engineering and technology"",""কুয়েট""]",khulna-university-of-engineering-and-technology,90000013,,,Khulna,Khulna,Khulna Sadar,true,13,2026-05-15 16:34:19.719951+00
42285942-e8a6-400f-86a8-66589a4f3cc5,বাংলাদেশ প্রকৌশল বিশ্ববিদ্যালয়,BUET,Bangladesh University of Engineering and Technology,university,"Dhaka, Dhaka",true,2026-05-15 16:34:19.719951+00,90000009,"[""bangladesh university of engineering and technology"",""buet"",""বুয়েট""]",bangladesh-university-of-engineering-and-technology,90000009,,,Dhaka,Dhaka,Dhaka Sadar,true,9,2026-05-15 16:34:19.719951+00
42354187-aede-48a4-94ea-286bf108d09e,ঝিনাইদহ সরকারি কে.সি. কলেজ,KCC,Jhenaidah Govt. K.C. College,college,,true,2026-05-15 09:51:05.972643+00,116552,"[""jhenaidah govt. k.c. college""]",jhenaidah-govt-kc-college,116552,,Khulna,Khulna,Jhenaidah,Jhenaidah Sadar,true,0,2026-05-15 09:56:46.10834+00
42c939d3-46d4-440d-89dd-5361b6e2a8cc,"হাজেরা-তজু ডিগ্রি কলেজ, চট্টগ্রাম",HTDC,"Hazera-Taju Degree College, Chattogram",college,"Chattogram, Chattogram",true,2026-05-15 17:06:49.215844+00,92000017,"[""hazera taju degree college"",""hazera-taju degree college"",""hazera taju college"",""হাজেরা তজু ডিগ্রি কলেজ""]",hazera-taju-degree-college-chattogram,92000017,,,Chattogram,Chattogram,,true,217,2026-05-15 17:19:02.565067+00
431bbe65-9584-4ebe-b740-5acfc1c84ce9,মির্জাপুর ক্যাডেট কলেজ,MCC,Mirzapur Cadet College,college,,true,2026-05-15 09:51:05.972643+00,114515,"[""mirzapur cadet college"",""মির্জাপুর ক্যাডেট কলেজ"",""mcc""]",mirzapur-cadet-college,114515,,Dhaka,Dhaka,Tangail,Mirzapur,true,0,2026-05-15 09:56:46.10834+00
456636ec-a40a-4409-a895-a167acd3d492,"সরকারি পি. সি. কলেজ, বাগেরহাট",PCCB,"Govt. P. C. College, Bagerhat",college,,true,2026-05-15 09:51:05.972643+00,114830,"[""govt. p. c. college, bagerhat""]",govt-p-c-college-bagerhat,114830,,Khulna,Khulna,Bagerhat,Bagerhat Sadar,true,0,2026-05-15 09:56:46.10834+00
47301d54-d6ea-48c4-a0e8-4347d9965ff9,রাজশাহী কলেজ,RC,Rajshahi College,college,,true,2026-05-15 09:51:05.972643+00,126490,"[""rajshahi college"",""rc""]",rajshahi-college,126490,,Rajshahi,Rajshahi,Rajshahi,Rajshahi Sadar,true,0,2026-05-15 09:56:46.10834+00
47448cba-a390-49e9-b8fb-b0876b6e879c,রাজশাহী ক্যাডেট কলেজ,RCC,Rajshahi Cadet College,college,,true,2026-05-15 09:51:05.972643+00,126495,"[""rajshahi cadet college"",""রাজশাহী ক্যাডেট কলেজ"",""rcc""]",rajshahi-cadet-college,126495,,Rajshahi,Rajshahi,Rajshahi,Charghat,true,0,2026-05-15 09:56:46.10834+00
47b4f516-4d7d-4e82-b7a8-3897ff05605c,সরকারি বাঙলা কলেজ,GBC,Govt. Bangla College,college,,true,2026-05-15 09:51:05.972643+00,108210,"[""govt. bangla college""]",govt-bangla-college,108210,,Dhaka,Dhaka,Dhaka,Dhaka Sadar,true,0,2026-05-16 06:23:25.894956+00
4a8a8d2d-1e5e-47ac-947d-92f337615ca5,নীলফামারী সরকারি কলেজ,NGC,Nilphamari Govt. College,college,"Nilphamari, Rangpur",true,2026-05-15 17:06:49.215844+00,92000038,"[""nilphamari govt college"",""nilphamari government college"",""নীলফামারী সরকারি কলেজ""]",nilphamari-govt-college,92000038,,,Rangpur,Nilphamari,,true,238,2026-05-15 17:19:02.565067+00
4ae96cee-5327-4c1d-9fda-0e2c50890dd8,গাইবান্ধা সরকারি কলেজ,GGC,Gaibandha Govt. College,college,"Gaibandha, Rangpur",true,2026-05-15 17:06:49.215844+00,92000039,"[""gaibandha govt college"",""gaibandha government college"",""গাইবান্ধা সরকারি কলেজ""]",gaibandha-govt-college,92000039,,,Rangpur,Gaibandha,,true,239,2026-05-15 17:19:02.565067+00
4c3993af-bf85-4af2-b2a0-75ffd7e50808,রংপুর সিটি কলেজ,RCC,Rangpur City College,college,,true,2026-05-15 09:51:05.972643+00,127495,"[""rangpur city college""]",rangpur-city-college,127495,,Rangpur,Rangpur,Rangpur,Rangpur Sadar,true,0,2026-05-16 06:23:25.894956+00
4c8472e5-5033-4659-956f-b23a99274bde,"ওমরগনি এম.ই.এস (O.E.M.S) কলেজ, চট্টগ্রাম",OMESC,"Omargani M.E.S College, Chattogram",college,"Chattogram, Chattogram",true,2026-05-15 17:06:49.215844+00,92000015,"[""omargani mes college"",""omargani m.e.s college"",""oems college"",""ওমরগনি এমইএস কলেজ""]",omargani-mes-college-chattogram,92000015,,,Chattogram,Chattogram,,true,215,2026-05-15 17:19:02.565067+00
50b3ed65-810e-4ff0-90e4-de4ed9cdc051,জগন্নাথ বিশ্ববিদ্যালয়,JnU,Jagannath University,university,"Dhaka, Dhaka",true,2026-05-15 16:34:19.719951+00,90000005,"[""jagannath university"",""jnu"",""জবি""]",jagannath-university,90000005,,,Dhaka,Dhaka,Dhaka Sadar,true,5,2026-05-15 16:34:19.719951+00
533a69c6-7189-40c9-b4d3-269b863e7be3,সরকারি ব্রজমোহন (বি.এম.) কলেজ,BM College,Govt. Brojomohun College,college,,true,2026-05-15 09:51:05.972643+00,100875,"[""govt. brojomohun college"",""b.m. college"",""bm college""]",govt-brojomohun-college,100875,,Barishal,Barishal,Barishal,Barishal Sadar,true,0,2026-05-15 09:56:46.10834+00
564c4c81-4235-4724-a532-ea8ad408e2d0,"নিউ গভ. ডিগ্রী কলেজ, রাজশাহী",NDCR,"New Govt. Degree College, Rajshahi",college,,true,2026-05-15 09:51:05.972643+00,127038,"[""new govt. degree college, rajshahi""]",new-govt-degree-college-rajshahi,127038,,Rajshahi,Rajshahi,Rajshahi,Rajshahi Sadar,true,0,2026-05-15 09:56:46.10834+00
57679160-8265-49cd-b983-0e899b2c50dd,বরগুনা সরকারি কলেজ,BGC,Barguna Govt. College,college,,true,2026-05-15 09:51:05.972643+00,100454,"[""barguna govt. college""]",barguna-govt-college,100454,,Barishal,Barishal,Barguna,Barguna Sadar,true,0,2026-05-16 06:23:25.894956+00
5839f24f-8b57-4004-a402-79e294219fe3,নাটোর এন.এস. সরকারি কলেজ,NNS,Natore N.S. Govt. College,college,,true,2026-05-15 09:51:05.972643+00,124282,"[""natore n.s. govt. college""]",natore-ns-govt-college,124282,,Rajshahi,Rajshahi,Natore,Natore Sadar,true,0,2026-05-15 09:56:46.10834+00
5dc64e9d-4a3e-4885-818c-9ece51658fe0,রাজশাহী ক্যান্টনমেন্ট বোর্ড স্কুল অ্যান্ড কলেজ,RCB,Rajshahi Cantonment Board School & College,college,,true,2026-05-15 09:51:05.972643+00,126445,"[""rajshahi cantonment board school & college""]",rajshahi-cantonment-board-school-college,126445,,Rajshahi,Rajshahi,Rajshahi,Rajshahi Sadar,true,0,2026-05-15 09:56:46.10834+00
5eca8bad-8c2f-49e4-9f54-1a0628325cef,রাজশাহী বিশ্ববিদ্যালয়,RU,University of Rajshahi,university,"Rajshahi, Rajshahi",true,2026-05-15 16:34:19.719951+00,90000002,"[""university of rajshahi"",""ru"",""rajshahi university"",""রাবি""]",university-of-rajshahi,90000002,,,Rajshahi,Rajshahi,Rajshahi Sadar,true,2,2026-05-15 16:34:19.719951+00
62596ac6-8709-4a80-bad7-83e8801f32d4,বরিশাল ক্যাডেট কলেজ,BCC,Barishal Cadet College,college,,true,2026-05-15 09:51:05.972643+00,100871,"[""barishal cadet college"",""বরিশাল ক্যাডেট কলেজ"",""bc""]",barishal-cadet-college,100871,,Barishal,Barishal,Barishal,Barishal Sadar,true,0,2026-05-16 06:23:25.894956+00
63c72fc5-5c61-46cd-b44a-28c4a45c9f55,ন্যাশনাল কলেজ,NCC,National College,college,"Pragati Sharanee, Badda, Gulshan, Dhaka-1212",true,2026-05-15 18:03:12.704051+00,131945,"[""national college"",""ন্যাশনাল কলেজ"",""ncc"",""nc"",""national college dhaka"",""national college badda"",""national college eiin 131945""]",national-college,131945,,Dhaka,Dhaka,Dhaka,Badda,true,0,2026-05-15 18:03:12.704051+00
6458556c-793e-410d-a9ba-abb1d209ac88,স্কলার্সহোম মেজরটিলা কলেজ,SM,Scholarshome Majortila College,college,,true,2026-05-15 09:51:05.972643+00,136459,"[""scholarshome majortila college""]",scholarshome-majortila-college,136459,,Sylhet,Sylhet,Sylhet,Sylhet Sadar,true,0,2026-05-15 09:56:46.10834+00
64f58ef0-e785-4aeb-bb3e-cc36ccd8c9e3,সরকারি সৈয়দ হাতেম আলী কলেজ,SHA,Govt. Syed Hatem Ali College,college,,true,2026-05-15 09:51:05.972643+00,100876,"[""govt. syed hatem ali college""]",govt-syed-hatem-ali-college,100876,,Barishal,Barishal,Barishal,Barishal Sadar,true,0,2026-05-15 09:56:46.10834+00
68df7de7-5d43-48fb-b0c3-4e0c2a091d94,নেত্রকোনা সরকারি মহিলা কলেজ,NGWC,Netrokona Govt. Women's College,college,"Netrokona, Mymensingh",true,2026-05-15 17:06:49.215844+00,92000051,"[""netrokona govt women's college"",""netrokona government women college"",""নেত্রকোনা সরকারি মহিলা কলেজ""]",netrokona-govt-womens-college,92000051,,,Mymensingh,Netrokona,,true,251,2026-05-15 17:19:02.565067+00
69c27052-198e-415a-a35f-0b6c2ef1fd82,বাংলাদেশ টেক্সটাইল বিশ্ববিদ্যালয়,BUTEX,Bangladesh University of Textiles,university,"Dhaka, Dhaka",true,2026-05-15 16:34:19.719951+00,90000014,"[""bangladesh university of textiles"",""butex"",""বুটেক্স""]",bangladesh-university-of-textiles,90000014,,,Dhaka,Dhaka,Dhaka Sadar,true,14,2026-05-15 16:34:19.719951+00
69c44ed3-b3ca-4da4-9e59-a4dc9597fd2c,কক্সবাজার সরকারি কলেজ,CBGC,Cox's Bazar Govt. College,college,,true,2026-05-15 09:51:05.972643+00,106317,"[""cox’s bazar govt. college""]",coxs-bazar-govt-college,106317,,Chattogram,Chattogram,Cox's Bazar,Cox's Bazar Sadar,true,0,2026-05-15 09:56:46.10834+00
6d1838b4-5256-4070-b3bc-7c3101e612c9,"চৌমুহনী সরকারি এস.এ কলেজ, নোয়াখালী",CGSAC,"Chowmuhani Govt. S.A College, Noakhali",college,"Noakhali, Chattogram",true,2026-05-15 17:06:49.215844+00,92000019,"[""chowmuhani govt sa college"",""chowmuhani govt. s.a college"",""chowmuhani college"",""চৌমুহনী সরকারি এসএ কলেজ""]",chowmuhani-govt-sa-college-noakhali,92000019,,,Chattogram,Noakhali,,true,219,2026-05-15 17:19:02.565067+00
6dd42bc9-cc71-40b5-8f2a-57a162c8a0c1,রাজশাহী সরকারি মডেল স্কুল অ্যান্ড কলেজ,RGMSC,Rajshahi Govt. Model School and College,college,"Rajshahi, Rajshahi",true,2026-05-15 17:06:49.215844+00,92000025,"[""rajshahi govt model school and college"",""rajshahi govt model college"",""রাজশাহী সরকারি মডেল স্কুল অ্যান্ড কলেজ""]",rajshahi-govt-model-school-and-college,92000025,,,Rajshahi,Rajshahi,,true,225,2026-05-15 17:19:02.565067+00
6f484e9c-5a68-45db-b701-4ecbf3fe7d7d,"সরকারি বেগম রোকেয়া কলেজ, রংপুর",BRCR,"Govt. Begum Rokeya College, Rangpur",college,,true,2026-05-15 09:51:05.972643+00,127485,"[""govt. begum rokeya college, rangpur""]",govt-begum-rokeya-college-rangpur,127485,,Rangpur,Rangpur,Rangpur,Rangpur Sadar,true,0,2026-05-15 09:56:46.10834+00
6facb5c9-e203-4a11-9ee0-3e7cb0c4598c,বাংলাদেশ মেরিটাইম ইউনিভার্সিটি,BMU,Bangabandhu Sheikh Mujibur Rahman Maritime University,university,"Dhaka, Dhaka",true,2026-05-15 16:34:19.719951+00,90000034,"[""bangabandhu sheikh mujibur rahman maritime university"",""bmu"",""bsmrmu"",""bangladesh maritime university"",""maritime university bangladesh""]",bangabandhu-sheikh-mujibur-rahman-maritime-university,90000034,,,Dhaka,Dhaka,Dhaka Sadar,true,34,2026-05-15 16:34:19.719951+00
701ee310-8b23-470f-ae50-5567ac119098,"সরকারি মুমিনুন্নিসা মহিলা কলেজ, ময়মনসিংহ",MMCM,"Govt. Muminunnisa Mohila College, Mymensingh",college,,true,2026-05-15 09:51:05.972643+00,111912,"[""govt. muminunnisa mohila college, mymensingh""]",govt-muminunnisa-mohila-college-mymensingh,111912,,Mymensingh,Mymensingh,Mymensingh,Mymensingh Sadar,true,0,2026-05-15 09:56:46.10834+00
72e22ec8-c6eb-4b4b-ab2e-8f46c63a9c73,বাংলাদেশ ইউনিভার্সিটি অব প্রফেশনালস,BUP,Bangladesh University of Professionals,university,"Dhaka, Dhaka",true,2026-05-15 16:34:19.719951+00,90000008,"[""bangladesh university of professionals"",""bup"",""বিইউপি""]",bangladesh-university-of-professionals,90000008,,,Dhaka,Dhaka,Mirpur,true,8,2026-05-15 16:34:19.719951+00
73b8cfff-3013-4255-91e3-4a1bfd11dadc,ঢাকা সিটি কলেজ,DCC,Dhaka City College,college,,true,2026-05-15 09:51:05.972643+00,107975,"[""dhaka city college""]",dhaka-city-college,107975,,Dhaka,Dhaka,Dhaka,Dhaka Sadar,true,0,2026-05-16 06:23:25.894956+00
7ad48eec-b0cc-4ed7-8a01-e9ab0d9d9505,ময়মনসিংহ গার্লস ক্যাডেট কলেজ,MGCC,Mymensingh Girls' Cadet College,college,,true,2026-05-15 09:51:05.972643+00,111929,"[""mymensingh girls cadet college"",""mymensingh girls' cadet college"",""ময়মনসিংহ গার্লস ক্যাডেট কলেজ"",""mgcc""]",mymensingh-girls-cadet-college,111929,,Mymensingh,Mymensingh,Mymensingh,Mymensingh Sadar,true,0,2026-05-15 09:56:46.10834+00
7d631c15-fdb5-49ec-b97d-825bd944aa1f,কুড়িগ্রাম সরকারি কলেজ,KGC,Kurigram Govt. College,college,,true,2026-05-15 09:51:05.972643+00,122329,"[""kurigram govt. college""]",kurigram-govt-college,122329,,Rangpur,Rangpur,Kurigram,Kurigram Sadar,true,0,2026-05-16 06:23:25.894956+00
7e177a66-7690-48b7-b21a-e2de32924775,ঠাকুরগাঁও সরকারি কলেজ,TGC,Thakurgaon Govt. College,college,,true,2026-05-15 09:51:05.972643+00,128769,"[""thakurgaon govt. college""]",thakurgaon-govt-college,128769,,Rangpur,Rangpur,Thakurgaon,Thakurgaon Sadar,true,0,2026-05-16 06:23:25.894956+00
7e646831-1dec-4b3a-8ea7-9266f87999f2,জালালাবাদ ক্যান্টনমেন্ট পাবলিক স্কুল অ্যান্ড কলেজ,JCP,Jalalabad Cantonment Public School & College,college,,true,2026-05-15 09:51:05.972643+00,130461,"[""jalalabad cantonment public school & college""]",jalalabad-cantonment-public-school-college,130461,,Sylhet,Sylhet,Sylhet,Sylhet Sadar,true,0,2026-05-15 09:56:46.10834+00
7ecf597e-ef98-4a90-ab3d-05f00e88c3c2,"বরেন্দ্র কলেজ, রাজশাহী",VCR,"Varendra College, Rajshahi",college,"Rajshahi, Rajshahi",true,2026-05-15 17:06:49.215844+00,92000026,"[""varendra college"",""varendra college rajshahi"",""বরেন্দ্র কলেজ""]",varendra-college-rajshahi,92000026,,,Rajshahi,Rajshahi,,true,226,2026-05-15 17:19:02.565067+00
8019577c-ac8d-4712-822d-3bbebe6e6ae4,চট্টগ্রাম কলেজ,CC,Chittagong College,college,,true,2026-05-15 09:51:05.972643+00,104532,"[""chittagong college""]",chittagong-college,104532,,Chattogram,Chattogram,Chattogram,Chattogram Sadar,true,0,2026-05-16 06:23:25.894956+00
811149cf-c80b-448d-8298-e419b7c0c005,"কুমুদিনী সরকারি কলেজ, টাঙ্গাইল",KGC,"Kumudini Govt. College, Tangail",college,"Tangail, Dhaka",true,2026-05-15 17:06:49.215844+00,92000014,"[""kumudini govt college"",""kumudini government college"",""kumudini college tangail"",""কুমুদিনী সরকারি কলেজ""]",kumudini-govt-college-tangail,92000014,,,Dhaka,Tangail,,true,214,2026-05-15 17:19:02.565067+00
83efc5e4-3629-40d5-b689-e9007b43b487,ভোলা সরকারি কলেজ,BGC,Bhola Govt. College,college,,true,2026-05-15 09:51:05.972643+00,101411,"[""bhola govt. college""]",bhola-govt-college,101411,,Barishal,Barishal,Bhola,Bhola Sadar,true,0,2026-05-16 06:23:25.894956+00
861e1a89-5fbf-4929-a095-8fcdd610ff01,চট্টগ্রাম বিশ্ববিদ্যালয়,CU,University of Chittagong,university,"Chattogram, Chattogram",true,2026-05-15 16:34:19.719951+00,90000003,"[""university of chittagong"",""cu"",""chittagong university"",""চবি""]",university-of-chittagong,90000003,,,Chattogram,Chattogram,Hathazari,true,3,2026-05-15 16:34:19.719951+00
88df1a52-6371-4728-83a2-018b77808572,দিনাজপুর সরকারি কলেজ,DGC,Dinajpur Govt. College,college,"Suihari, Dinajpur",true,2026-05-15 09:51:05.972643+00,120818,"[""dgc"",""dinajpur govt college"",""dinajpur govt. college"",""dinajpur government college"",""দিনাজপুর সরকারি কলেজ"",""দিনাজপুর গভর্নমেন্ট কলেজ""]",dinajpur-govt-college,120818,,Dinajpur,Rangpur,Dinajpur,Dinajpur Sadar,true,0,2026-05-15 19:12:11.988228+00
8a912573-377b-4133-9302-4b19bca06ecd,মুরারিচাঁদ (এম.সি.) কলেজ,MC College,Murarichand College,college,,true,2026-05-15 09:51:05.972643+00,130457,"[""m.c. college"",""murarichand college"",""mc college""]",murarichand-college,130457,,Sylhet,Sylhet,Sylhet,Sylhet Sadar,true,0,2026-05-15 09:56:46.10834+00
8cd4e428-489c-468f-b02e-ef0e1e6e3fba,"রবীন্দ্র বিশ্ববিদ্যালয়, বাংলাদেশ",RUB,"Rabindra University, Bangladesh",university,"Sirajganj, Rajshahi",true,2026-05-15 16:34:19.719951+00,90000028,"[""rabindra university, bangladesh"",""rub"",""rabindra university"",""rabindra university bangladesh"",""রবীন্দ্র বিশ্ববিদ্যালয়""]",rabindra-university-bangladesh,90000028,,,Rajshahi,Sirajganj,Shahjadpur,true,28,2026-05-15 16:34:19.719951+00
8d0e258b-708f-4203-961f-08eb80cb26cc,রাজশাহী সরকারি মহিলা কলেজ,RGWSC,Rajshahi Govt. Women's College,college,,true,2026-05-15 09:51:05.972643+00,126487,"[""rajshahi govt. women’s college""]",rajshahi-govt-womens-college,126487,,Rajshahi,Rajshahi,Rajshahi,Rajshahi Sadar,true,0,2026-05-16 06:23:25.894956+00
8eab016c-9fa9-4d68-b8e9-de96c0cb0dce,"ইসলামিয়া সরকারি কলেজ, সিরাজগঞ্জ",IGC,"Islamia Govt. College, Sirajganj",college,"Sirajganj, Rajshahi",true,2026-05-15 17:06:49.215844+00,92000028,"[""islamia govt college"",""islamia government college sirajganj"",""ইসলামিয়া সরকারি কলেজ""]",islamia-govt-college-sirajganj,92000028,,,Rajshahi,Sirajganj,,true,228,2026-05-15 17:19:02.565067+00
918da667-1285-46d6-87c0-df971038b52c,"সরকারি ফজলুল হক কলেজ, চাখার",GFHC,"Govt. Fazlul Huq College, Chakhar",college,"Barishal, Barishal",true,2026-05-15 17:06:49.215844+00,92000046,"[""govt fazlul huq college chakhar"",""government fazlul huq college"",""ফজলুল হক কলেজ চাখার""]",govt-fazlul-huq-college-chakhar,92000046,,,Barishal,Barishal,,true,246,2026-05-15 17:19:02.565067+00
93859988-13fa-454f-97cc-bc2f63f1762d,"শহীদ সৈয়দ নজরুল ইসলাম কলেজ, ময়মনসিংহ",SSNICM,"Shahid Syed Nazrul Islam College, Mymensingh",college,,true,2026-05-15 09:51:05.972643+00,111910,"[""shahid syed nazrul islam college, mymensingh""]",shahid-syed-nazrul-islam-college-mymensingh,111910,,Mymensingh,Mymensingh,Mymensingh,Mymensingh Sadar,true,0,2026-05-15 09:56:46.10834+00
94fd2717-3d3e-47ad-860c-696299c1ef2e,"সরকারি আশেক মাহমুদ কলেজ (মহিলা শাখা), জামালপুর",GAMC,"Govt. Ashek Mahmud College (Women's Branch), Jamalpur",college,"Jamalpur, Mymensingh",true,2026-05-15 17:06:49.215844+00,92000052,"[""govt ashek mahmud college women's branch"",""ashek mahmud college women branch"",""ashak mahmud college jamalpur"",""সরকারি আশেক মাহমুদ কলেজ মহিলা শাখা""]",govt-ashek-mahmud-college-womens-branch-jamalpur,92000052,,,Mymensingh,Jamalpur,,true,252,2026-05-15 17:19:02.565067+00
95471869-6914-4e60-8b51-7f533d43e52b,সেন্ট যোসেফ উচ্চ মাধ্যমিক বিদ্যালয়,SJHS,St. Joseph Higher Secondary School,college,,true,2026-05-15 09:51:05.972643+00,108259,"[""st. joseph higher secondary school""]",st-joseph-higher-secondary-school,108259,,Dhaka,Dhaka,Dhaka,Dhaka Sadar,true,0,2026-05-15 09:56:46.10834+00
967c5051-7276-4f8f-94aa-99cb953a70a8,দিনাজপুর সরকারি মহিলা কলেজ,DGWSC,Dinajpur Govt. Women's College,college,,true,2026-05-15 09:51:05.972643+00,120819,"[""dinajpur govt. women’s college""]",dinajpur-govt-womens-college,120819,,Rangpur,Rangpur,Dinajpur,Dinajpur Sadar,true,0,2026-05-16 06:23:25.894956+00
973c53de-65e0-454e-8482-e1720dbd4f90,ময়মনসিংহ কমার্স কলেজ,MC,Mymensingh Commerce College,college,,true,2026-05-15 09:51:05.972643+00,130588,"[""mymensingh commerce college""]",mymensingh-commerce-college,130588,,Mymensingh,Mymensingh,Mymensingh,Mymensingh Sadar,true,0,2026-05-15 09:56:46.10834+00
98e410b5-0cce-47fd-90fe-3190d8649d4f,কুমিল্লা ভিক্টোরিয়া সরকারি কলেজ,CVGC,Cumilla Victoria Govt. College,college,,true,2026-05-15 09:51:05.972643+00,105822,"[""cumilla victoria govt. college"",""cvgc""]",cumilla-victoria-govt-college,105822,,Chattogram,Chattogram,Cumilla,Cumilla Sadar,true,0,2026-05-15 09:56:46.10834+00
9a92773e-379f-459d-9fbf-292ad616c93b,রংপুর ক্যাডেট কলেজ,CCR,Rangpur Cadet College,college,,true,2026-05-15 09:51:05.972643+00,127494,"[""rangpur cadet college"",""রংপুর ক্যাডেট কলেজ"",""ccr""]",rangpur-cadet-college,127494,,Dinajpur,Rangpur,Rangpur,Rangpur Sadar,true,0,2026-05-15 09:56:46.10834+00
9b11abd3-6ac2-4a69-85eb-6c21bade6909,পিরোজপুর সরকারি সোহরাওয়ার্দী কলেজ,PGSC,Pirojpur Govt. Suhrawardy College,college,,true,2026-05-15 09:51:05.972643+00,102941,"[""pirojpur govt. suhrawardy college""]",pirojpur-govt-suhrawardy-college,102941,,Barishal,Barishal,Pirojpur,Pirojpur Sadar,true,0,2026-05-16 06:23:25.894956+00
9e9cfcdf-bccc-4f32-90b9-a6f96520edbb,"শহীদ সোহরাওয়ার্দী কলেজ, ঢাকা",SSC,"Shaheed Suhrawardy College, Dhaka",college,"Dhaka, Dhaka",true,2026-05-15 17:06:49.215844+00,92000008,"[""shaheed suhrawardy college"",""shahid suhrawardy college"",""sohrawardy college"",""শহীদ সোহরাওয়ার্দী কলেজ""]",shaheed-suhrawardy-college-dhaka,92000008,,,Dhaka,Dhaka,,true,208,2026-05-15 17:19:02.565067+00
9f113ed3-9739-4817-adee-9c1303e26d24,রাজশাহী কলেজিয়েট স্কুল অ্যান্ড কলেজ,RCSC,Rajshahi Collegiate School & College,college,,true,2026-05-15 09:51:05.972643+00,126456,"[""rajshahi collegiate school & college""]",rajshahi-collegiate-school-college,126456,,Rajshahi,Rajshahi,Rajshahi,Rajshahi Sadar,true,0,2026-05-16 06:23:25.894956+00
9fc19952-ceeb-4881-83c2-c8f17f739e6e,ঢাকা কলেজ,DC,Dhaka College,college,,true,2026-05-15 09:51:05.972643+00,107977,"[""dhaka college"",""dc""]",dhaka-college,107977,,Dhaka,Dhaka,Dhaka,Dhaka Sadar,true,0,2026-05-15 09:56:46.10834+00
a053892a-7365-4c54-82ae-94ae824112d2,সরকারি বরিশাল কলেজ,GBC,Govt. Barishal College,college,,true,2026-05-15 09:51:05.972643+00,100877,"[""govt. barishal college""]",govt-barishal-college,100877,,Barishal,Barishal,Barishal,Barishal Sadar,true,0,2026-05-16 06:23:25.894956+00
a1000001-1111-4111-8111-000000000001,ঢাকা বোর্ড,DB,"Board of Intermediate and Secondary Education, Dhaka",board,"Dhaka, Dhaka",true,2026-05-15 16:38:18.359263+00,91000001,"[""dhaka board"",""dhaka education board"",""bise dhaka"",""ঢাকা বোর্ড"",""ঢাকা শিক্ষা বোর্ড""]",dhaka-education-board,91000001,government,,Dhaka,Dhaka,Dhaka Sadar,true,0,2026-05-17 09:11:37.977399+00
a1000002-1111-4111-8111-000000000002,রাজশাহী বোর্ড,RB,"Board of Intermediate and Secondary Education, Rajshahi",board,"Rajshahi, Rajshahi",true,2026-05-15 16:38:18.359263+00,91000002,"[""rajshahi board"",""rajshahi education board"",""bise rajshahi"",""রাজশাহী বোর্ড"",""রাজশাহী শিক্ষা বোর্ড""]",rajshahi-education-board,91000002,government,,Rajshahi,Rajshahi,Rajshahi Sadar,true,0,2026-05-17 09:13:25.987708+00
a1000003-1111-4111-8111-000000000003,কুমিল্লা বোর্ড,CB,"Board of Intermediate and Secondary Education, Cumilla",board,"Cumilla, Chattogram",true,2026-05-15 16:38:18.359263+00,91000003,"[""cumilla board"",""comilla board"",""cumilla education board"",""comilla education board"",""bise cumilla"",""কুমিল্লা বোর্ড"",""কুমিল্লা শিক্ষা বোর্ড""]",cumilla-education-board,91000003,government,,Chattogram,Cumilla,Cumilla Sadar,true,0,2026-05-17 09:10:46.1789+00
a1000004-1111-4111-8111-000000000004,যশোর বোর্ড,JB,"Board of Intermediate and Secondary Education, Jashore",board,"Jashore, Khulna",true,2026-05-15 16:38:18.359263+00,91000004,"[""jashore board"",""jessore board"",""jashore education board"",""jessore education board"",""bise jashore"",""যশোর বোর্ড"",""যশোর শিক্ষা বোর্ড""]",jashore-education-board,91000004,government,,Khulna,Jashore,Jashore Sadar,true,0,2026-05-17 09:13:13.171837+00
a1000005-1111-4111-8111-000000000005,চট্টগ্রাম বোর্ড,Ctg B,"Board of Intermediate and Secondary Education, Chattogram",board,"Chattogram, Chattogram",true,2026-05-15 16:38:18.359263+00,91000005,"[""chattogram board"",""chittagong board"",""chattogram education board"",""chittagong education board"",""bise chattogram"",""চট্টগ্রাম বোর্ড"",""চট্টগ্রাম শিক্ষা বোর্ড""]",chattogram-education-board,91000005,government,,Chattogram,Chattogram,Chattogram Sadar,true,0,2026-05-17 09:11:02.137424+00
a1000006-1111-4111-8111-000000000006,বরিশাল বোর্ড,BB,"Board of Intermediate and Secondary Education, Barishal",board,"Barishal, Barishal",true,2026-05-15 16:38:18.359263+00,91000006,"[""barishal board"",""barisal board"",""barishal education board"",""barisal education board"",""bise barishal"",""বরিশাল বোর্ড"",""বরিশাল শিক্ষা বোর্ড""]",barishal-education-board,91000006,government,,Barishal,Barishal,Barishal Sadar,true,0,2026-05-17 09:12:38.492026+00
a1000007-1111-4111-8111-000000000007,সিলেট বোর্ড,SB,"Board of Intermediate and Secondary Education, Sylhet",board,"Sylhet, Sylhet",true,2026-05-15 16:38:18.359263+00,91000007,"[""sylhet board"",""sylhet education board"",""bise sylhet"",""সিলেট বোর্ড"",""সিলেট শিক্ষা বোর্ড""]",sylhet-education-board,91000007,government,,Sylhet,Sylhet,Sylhet Sadar,true,0,2026-05-17 09:13:40.43028+00
a1000008-1111-4111-8111-000000000008,দিনাজপুর বোর্ড,Din B,"Board of Intermediate and Secondary Education, Dinajpur",board,"Dinajpur, Rangpur",true,2026-05-15 16:38:18.359263+00,91000008,"[""dinajpur board"",""dinajpur education board"",""bise dinajpur"",""দিনাজপুর বোর্ড"",""দিনাজপুর শিক্ষা বোর্ড""]",dinajpur-education-board,91000008,government,,Rangpur,Dinajpur,Dinajpur Sadar,true,0,2026-05-17 09:11:56.468029+00
a1000009-1111-4111-8111-000000000009,ময়মনসিংহ বোর্ড,MB,"Board of Intermediate and Secondary Education, Mymensingh",board,"Mymensingh, Mymensingh",true,2026-05-15 16:38:18.359263+00,91000009,"[""mymensingh board"",""mymensingh education board"",""bise mymensingh"",""ময়মনসিংহ বোর্ড"",""ময়মনসিংহ শিক্ষা বোর্ড""]",mymensingh-education-board,91000009,government,,Mymensingh,Mymensingh,Mymensingh Sadar,true,0,2026-05-17 09:12:55.185453+00
a1000010-1111-4111-8111-000000000010,মাদ্রাসা বোর্ড,Mad B,Bangladesh Madrasah Education Board,board,"Dhaka, Dhaka",true,2026-05-15 16:38:18.359263+00,91000010,"[""madrasah board"",""madrasah education board"",""bangladesh madrasah education board"",""bmeb"",""মাদ্রাসা বোর্ড"",""বাংলাদেশ মাদ্রাসা শিক্ষা বোর্ড""]",bangladesh-madrasah-education-board,91000010,government,,Dhaka,Dhaka,Dhaka Sadar,true,0,2026-05-17 09:14:07.212295+00
a1000011-1111-4111-8111-000000000011,কারিগরি বোর্ড,TB,Bangladesh Technical Education Board,board,"Dhaka, Dhaka",true,2026-05-15 16:38:18.359263+00,91000011,"[""technical board"",""technical education board"",""bangladesh technical education board"",""bteb"",""কারিগরি বোর্ড"",""বাংলাদেশ কারিগরি শিক্ষা বোর্ড""]",bangladesh-technical-education-board,91000011,government,,Dhaka,Dhaka,Dhaka Sadar,true,0,2026-05-17 09:14:23.777906+00
a1d56892-7d52-46fe-be71-5a79c7d0ce44,"বীরশ্রেষ্ঠ মুন্সী আব্দুর রউফ পাবলিক কলেজ, ঢাকা",BMARPC,Birshreshtha Munshi Abdur Rouf Public College,college,"Dhaka, Dhaka",true,2026-05-15 17:06:49.215844+00,92000003,"[""bmarpc"",""birshreshtha munshi abdur rouf public college"",""abdur rouf college"",""বীরশ্রেষ্ঠ মুন্সী আব্দুর রউফ পাবলিক কলেজ""]",birshreshtha-munshi-abdur-rouf-public-college,92000003,,,Dhaka,Dhaka,,true,203,2026-05-15 17:06:49.215844+00
a207d0e3-76c3-41ae-b5bf-5b46df2950b6,পটুয়াখালী সরকারি কলেজ,PGC,Patuakhali Govt. College,college,,true,2026-05-15 09:51:05.972643+00,102596,"[""patuakhali govt. college""]",patuakhali-govt-college,102596,,Barishal,Barishal,Patuakhali,Patuakhali Sadar,true,0,2026-05-16 06:23:25.894956+00
a2414707-ef55-4087-8dcb-220fc8be7ce3,যশোর বিজ্ঞান ও প্রযুক্তি বিশ্ববিদ্যালয়,JUST,Jashore University of Science and Technology,university,"Jashore, Khulna",true,2026-05-15 16:34:19.719951+00,90000019,"[""jashore university of science and technology"",""just"",""jessore university of science and technology"",""যবিপ্রবি""]",jashore-university-of-science-and-technology,90000019,,,Khulna,Jashore,Jashore Sadar,true,19,2026-05-15 16:34:19.719951+00
a3bdf8cc-5fbe-4711-9524-e18d095cb3d7,"সরকারি দেবেন্দ্র কলেজ, মানিকগঞ্জ",GDC,"Govt. Debendra College, Manikganj",college,"Manikganj, Dhaka",true,2026-05-15 17:06:49.215844+00,92000013,"[""govt debendra college"",""government debendra college"",""debendra college manikganj"",""সরকারি দেবেন্দ্র কলেজ""]",govt-debendra-college-manikganj,92000013,,,Dhaka,Manikganj,,true,213,2026-05-15 17:19:02.565067+00
a3c2bd7a-1438-4b76-912f-43f2e32c79ef,ময়মনসিংহ সরকারি কলেজ,MGC,Mymensingh Govt. College,college,"Mymensingh, Mymensingh",true,2026-05-15 17:06:49.215844+00,92000050,"[""mymensingh govt college"",""mymensingh government college"",""ময়মনসিংহ সরকারি কলেজ""]",mymensingh-govt-college,92000050,,,Mymensingh,Mymensingh,,true,250,2026-05-15 17:19:02.565067+00
a4f801d2-440a-4413-8cfc-d600020bc065,"বাকলিয়া সরকারি কলেজ, চট্টগ্রাম",BGC,"Bakalia Govt. College, Chattogram",college,"Chattogram, Chattogram",true,2026-05-15 17:06:49.215844+00,92000016,"[""bakalia govt college"",""bakalia government college"",""বাকলিয়া সরকারি কলেজ""]",bakalia-govt-college-chattogram,92000016,,,Chattogram,Chattogram,,true,216,2026-05-15 17:19:02.565067+00
a69df2ee-e24c-4279-a0b5-81313083bf47,"বিএএফ শাহীন কলেজ, চট্টগ্রাম",BSCC,"BAF Shaheen College, Chattogram",college,,true,2026-05-15 09:51:05.972643+00,104265,"[""baf shaheen college, chattogram""]",baf-shaheen-college-chattogram,104265,,Chattogram,Chattogram,Chattogram,Chattogram Sadar,true,0,2026-05-15 09:56:46.10834+00
a75b5330-6c36-4255-bace-62990952fe01,ঝালকাঠি সরকারি কলেজ,JGC,Jhalakathi Govt. College,college,,true,2026-05-15 09:51:05.972643+00,101694,"[""jhalakathi govt. college""]",jhalakathi-govt-college,101694,,Barishal,Barishal,Jhalakathi,Jhalakathi Sadar,true,0,2026-05-16 06:23:25.894956+00
a775dc42-3d8a-4523-8c94-47dc3371b52f,"ক্যান্টনমেন্ট পাবলিক স্কুল অ্যান্ড কলেজ, খুলনা",CPSCK,"Cantonment Public School and College, Khulna",college,"Khulna, Khulna",true,2026-05-15 17:06:49.215844+00,92000032,"[""khulna cpsc"",""cantonment public school and college khulna"",""ক্যান্টনমেন্ট পাবলিক স্কুল অ্যান্ড কলেজ খুলনা""]",cantonment-public-school-and-college-khulna,92000032,,,Khulna,Khulna,,true,232,2026-05-15 17:19:02.565067+00
a7f4ac50-53c8-4e91-921f-a0da355e0439,কুমিল্লা সরকারি মহিলা কলেজ,CGWC,Cumilla Govt. Women's College,college,"Cumilla, Chattogram",true,2026-05-15 17:06:49.215844+00,92000020,"[""cumilla govt women's college"",""cumilla government women college"",""কুমিল্লা সরকারি মহিলা কলেজ""]",cumilla-govt-womens-college,92000020,,,Chattogram,Cumilla,,true,220,2026-05-15 17:19:02.565067+00
a9bfaf4e-869c-4cfd-90fe-8ffb5a7b3fd8,শেরপুর সরকারি কলেজ,SGC,Sherpur Govt. College,college,,true,2026-05-15 09:51:05.972643+00,113915,"[""sherpur govt. college""]",sherpur-govt-college,113915,,Mymensingh,Mymensingh,Sherpur,Sherpur Sadar,true,0,2026-05-16 06:23:25.894956+00
aa70a038-840d-4566-9c80-721fc9c28296,পাবনা ক্যাডেট কলেজ,PCC,Pabna Cadet College,college,,true,2026-05-15 09:51:05.972643+00,125633,"[""pabna cadet college"",""পাবনা ক্যাডেট কলেজ"",""pcc""]",pabna-cadet-college,125633,,Rajshahi,Rajshahi,Pabna,Pabna Sadar,true,0,2026-05-15 09:56:46.10834+00
ab5d84c9-38c2-48dc-829a-a7cd96450252,আবদুল কাদির মোল্লা সিটি কলেজ,AKMCC,Abdul Kadir Mollah City College,college,"Basail, Narsingdi",true,2026-05-16 03:40:34.052063+00,132043,"[""akmcc"",""abdul kadir mollah city college"",""abdul kadir molla city college"",""abdul kadir mullah city college"",""আবদুল কাদির মোল্লা সিটি কলেজ"",""আব্দুল কাদির মোল্লা সিটি কলেজ"",""কাদির মোল্লা সিটি কলেজ""]",abdul-kadir-mollah-city-college,132043,,Dhaka,Dhaka,Narsingdi,Narsingdi Sadar,true,0,2026-05-16 03:40:34.052063+00
abf9a9b2-28c2-473b-a802-45ab8e802879,"নটর ডেম কলেজ, ময়মনসিংহ",NDCM,"Notre Dame College, Mymensingh",college,,true,2026-05-15 09:51:05.972643+00,137031,"[""notre dame college, mymensingh""]",notre-dame-college-mymensingh,137031,,Mymensingh,Mymensingh,Mymensingh,Mymensingh Sadar,true,0,2026-05-15 09:56:46.10834+00
ac8962af-df9a-4fd4-869c-4a593ce94a14,উত্তরা হাই স্কুল অ্যান্ড কলেজ,UHSC,Uttara High School and College,college,"Dhaka, Dhaka",true,2026-05-15 17:06:49.215844+00,92000012,"[""uttara high school and college"",""uttara high school & college"",""uhsc"",""উত্তরা হাই স্কুল অ্যান্ড কলেজ""]",uttara-high-school-and-college,92000012,,,Dhaka,Dhaka,,true,212,2026-05-15 17:19:02.565067+00
aca124cb-fd71-4aec-a68b-d8904c3864b8,ফেনী সরকারি কলেজ,FGC,Feni Govt. College,college,,true,2026-05-15 09:51:05.972643+00,106642,"[""feni govt. college""]",feni-govt-college,106642,,Chattogram,Chattogram,Feni,Feni Sadar,true,0,2026-05-16 06:23:25.894956+00
ae782f20-95f2-4fa7-82aa-572505c36f8f,ঝিনাইদহ ক্যাডেট কলেজ,JCC,Jhenaidah Cadet College,college,,true,2026-05-15 09:51:05.972643+00,116561,"[""jhenaidah cadet college"",""ঝিনাইদহ ক্যাডেট কলেজ"",""jcc""]",jhenaidah-cadet-college,116561,,Jashore,Khulna,Jhenaidah,Jhenaidah Sadar,true,0,2026-05-15 09:56:46.10834+00
af79ea72-3932-4d3e-85d7-ab9c1ba47efb,সুনামগঞ্জ সরকারি মহিলা কলেজ,SGWC,Sunamganj Govt. Women's College,college,"Sunamganj, Sylhet",true,2026-05-15 17:06:49.215844+00,92000045,"[""sunamganj govt women's college"",""sunamganj government women college"",""সুনামগঞ্জ সরকারি মহিলা কলেজ""]",sunamganj-govt-womens-college,92000045,,,Sylhet,Sunamganj,,true,245,2026-05-15 17:19:02.565067+00
b0a70611-ef66-431e-b89f-f715fe6dc237,জাতীয় কবি কাজী নজরুল ইসলাম বিশ্ববিদ্যালয়,JKKNIU,Jatiya Kabi Kazi Nazrul Islam University,university,"Mymensingh, Mymensingh",true,2026-05-15 16:34:19.719951+00,90000027,"[""jatiya kabi kazi nazrul islam university"",""jkkniu"",""জাতীয় কবি কাজী নজরুল ইসলাম বিশ্ববিদ্যালয়""]",jatiya-kabi-kazi-nazrul-islam-university,90000027,,,Mymensingh,Mymensingh,Trishal,true,27,2026-05-15 16:34:19.719951+00
b10f9ba3-47ef-4307-b148-12126e635b4d,ন্যাশনাল আইডিয়াল কলেজ,NIC,National Ideal College,college,"Khilgaon, Dhaka",true,2026-05-15 19:12:11.988228+00,132078,"[""nic"",""national ideal college"",""national ideal college dhaka"",""national ideal college khilgaon"",""ন্যাশনাল আইডিয়াল কলেজ""]",national-ideal-college,132078,,Dhaka,Dhaka,Dhaka,Khilgaon,true,0,2026-05-15 19:12:11.988228+00
b1c4335c-38f7-4050-b642-c742d0a806e4,নবাবগঞ্জ সরকারি কলেজ,NGC,Nawabganj Govt. College,college,,true,2026-05-15 09:51:05.972643+00,124593,"[""nawabganj govt. college""]",nawabganj-govt-college,124593,,Rajshahi,Rajshahi,Nawabganj,Nawabganj Sadar,true,0,2026-05-16 06:23:25.894956+00
b37f7c71-5e1f-47f9-b578-e3463ad5ae96,নোয়াখালী সরকারি কলেজ,NGC,Noakhali Govt. College,college,,true,2026-05-15 09:51:05.972643+00,107659,"[""noakhali govt. college""]",noakhali-govt-college,107659,,Chattogram,Chattogram,Noakhali,Noakhali Sadar,true,0,2026-05-16 06:23:25.894956+00
b5ade4dc-b069-4ee0-bd1c-bc237fdae273,আহসানউল্লাহ বিজ্ঞান ও প্রযুক্তি বিশ্ববিদ্যালয়,AUST,Ahsanullah University of Science and Technology,university,"Dhaka, Dhaka",true,2026-05-15 16:34:19.719951+00,90000040,"[""ahsanullah university of science and technology"",""aust""]",ahsanullah-university-of-science-and-technology,90000040,,,Dhaka,Dhaka,Dhaka Sadar,true,40,2026-05-15 16:34:19.719951+00
b5b9d084-a04a-486b-a07d-b8dc519f3169,ফৌজদারহাট ক্যাডেট কলেজ,FCC,Faujdarhat Cadet College,college,,true,2026-05-15 09:51:05.972643+00,104300,"[""faujdarhat cadet college"",""foujdarhat cadet college"",""ফৌজদারহাট ক্যাডেট কলেজ"",""fcc""]",faujdarhat-cadet-college,104300,,Chattogram,Chattogram,Chattogram,Sitakunda,true,0,2026-05-15 09:56:46.10834+00
b61dd9ef-072c-4fec-9010-03f56a1a4d61,"বর্ডার গার্ড পাবলিক স্কুল অ্যান্ড কলেজ, সিলেট",BGPSC,"Border Guard Public School and College, Sylhet",college,"Sylhet, Sylhet",true,2026-05-15 17:06:49.215844+00,92000042,"[""border guard public school and college sylhet"",""border guard psc sylhet"",""bgpsc sylhet"",""বর্ডার গার্ড পাবলিক স্কুল অ্যান্ড কলেজ সিলেট""]",border-guard-public-school-and-college-sylhet,92000042,,,Sylhet,Sylhet,,true,242,2026-05-15 17:19:02.565067+00
b6a89317-840a-4caa-854f-36e6862494d9,হলি ক্রস কলেজ,HCC,Holy Cross College,college,,true,2026-05-15 09:51:05.972643+00,131962,"[""holy cross college"",""hcc""]",holy-cross-college,131962,,Dhaka,Dhaka,Dhaka,Dhaka Sadar,true,0,2026-05-15 09:56:46.10834+00
b7879b63-e3e9-4ce8-82a6-7884e528cd6d,"বিএএফ শাহীন কলেজ, ঢাকা",BSCD,"BAF Shaheen College, Dhaka",college,,true,2026-05-15 09:51:05.972643+00,107858,"[""baf shaheen college, dhaka""]",baf-shaheen-college-dhaka,107858,,Dhaka,Dhaka,Dhaka,Dhaka Sadar,true,0,2026-05-15 09:56:46.10834+00
b8907f64-00b3-4838-a762-079ac29e17f6,"মদন মোহন কলেজ, সিলেট",MMCS,"Madan Mohan College, Sylhet",college,,true,2026-05-15 09:51:05.972643+00,130452,"[""madan mohan college, sylhet""]",madan-mohan-college-sylhet,130452,,Sylhet,Sylhet,Sylhet,Sylhet Sadar,true,0,2026-05-15 09:56:46.10834+00
ba2c84ae-59f9-447f-9d57-c7faf2771d8f,"বীরশ্রেষ্ঠ নূর মোহাম্মদ পাবলিক কলেজ, ঢাকা",BNMPC,Birshreshtha Noor Mohammad Public College,college,"Dhaka, Dhaka",true,2026-05-15 17:06:49.215844+00,92000002,"[""bnmpc"",""birshreshtha noor mohammad public college"",""noor mohammad public college"",""বীরশ্রেষ্ঠ নূর মোহাম্মদ পাবলিক কলেজ""]",birshreshtha-noor-mohammad-public-college,92000002,,,Dhaka,Dhaka,,true,202,2026-05-15 17:06:49.215844+00
bbdadf94-90c9-4a79-9eac-b77904f200a7,কুষ্টিয়া সরকারি কলেজ,KGC,Kushtia Govt. College,college,,true,2026-05-15 09:51:05.972643+00,117780,"[""kushtia govt. college""]",kushtia-govt-college,117780,,Khulna,Khulna,Kushtia,Kushtia Sadar,true,0,2026-05-16 06:23:25.894956+00
bdf5e7c9-a946-42e5-8f8b-ebdfe8d24bb3,খুলনা সরকারি মহিলা কলেজ,KGWSC,Khulna Govt. Women's College,college,,true,2026-05-15 09:51:05.972643+00,117160,"[""khulna govt. women’s college""]",khulna-govt-womens-college,117160,,Khulna,Khulna,Khulna,Khulna Sadar,true,0,2026-05-16 06:23:25.894956+00
be3e4959-37d1-49f1-98fc-534f1d45e7a9,"আল-আমিন একাডেমি স্কুল অ্যান্ড কলেজ, চাঁদপুর",AASC,"Al-Amin Academy School and College, Chandpur",college,"Chandpur, Chattogram",true,2026-05-15 17:06:49.215844+00,92000022,"[""al-amin academy school and college"",""al amin academy college"",""al amin academy chandpur"",""আল আমিন একাডেমি""]",al-amin-academy-school-and-college-chandpur,92000022,,,Chattogram,Chandpur,,true,222,2026-05-15 17:19:02.565067+00
bea5510d-7fac-4aa7-908a-94cb05b27e3b,খুলনা পাবলিক কলেজ,KPC,Khulna Public College,college,"Khulna, Khulna",true,2026-05-15 17:06:49.215844+00,92000030,"[""khulna public college"",""kpc"",""খুলনা পাবলিক কলেজ""]",khulna-public-college,92000030,,,Khulna,Khulna,,true,230,2026-05-15 17:19:02.565067+00
c243a3b6-62bf-4906-ae1f-1a3dc27aa8db,ঢাকা বিশ্ববিদ্যালয়,DU,University of Dhaka,university,"Dhaka, Dhaka",true,2026-05-15 16:34:19.719951+00,90000001,"[""university of dhaka"",""du"",""dhaka university"",""ঢাবি""]",university-of-dhaka,90000001,,,Dhaka,Dhaka,Dhaka Sadar,true,1,2026-05-15 16:34:19.719951+00
c2faf3de-06da-4f18-8456-9023f658aa47,জাহাঙ্গীরনগর বিশ্ববিদ্যালয়,JU,Jahangirnagar University,university,"Dhaka, Dhaka",true,2026-05-15 16:34:19.719951+00,90000004,"[""jahangirnagar university"",""ju"",""জাবি""]",jahangirnagar-university,90000004,,,Dhaka,Dhaka,Savar,true,4,2026-05-15 16:34:19.719951+00
c35746d0-7ca9-48b5-a310-71ff1f7ac188,চট্টগ্রাম ভেটেরিনারি ও অ্যানিম্যাল সায়েন্সেস বিশ্ববিদ্যালয়,CVASU,Chittagong Veterinary and Animal Sciences University,university,"Chattogram, Chattogram",true,2026-05-15 16:34:19.719951+00,90000032,"[""chittagong veterinary and animal sciences university"",""cvasu"",""সিভাসু""]",chittagong-veterinary-and-animal-sciences-university,90000032,,,Chattogram,Chattogram,Chattogram Sadar,true,32,2026-05-15 16:34:19.719951+00
c54ae52d-c3c4-4ff0-a3ed-abded75311a9,"কবি নজরুল সরকারি কলেজ, ঢাকা",KNGC,"Kabi Nazrul Govt. College, Dhaka",college,"Dhaka, Dhaka",true,2026-05-15 17:06:49.215844+00,92000006,"[""kabi nazrul govt college"",""kabi nazrul government college"",""kngc"",""কবি নজরুল সরকারি কলেজ""]",kabi-nazrul-govt-college-dhaka,92000006,,,Dhaka,Dhaka,,true,206,2026-05-15 17:19:02.565067+00
c57c5a27-a66a-45ea-b8bd-e368ab4263c8,রাজউক উত্তরা মডেল কলেজ,RUMC,Rajuk Uttara Model College,college,,true,2026-05-15 09:51:05.972643+00,108573,"[""rajuk uttara model college"",""rajuk"",""rumc""]",rajuk-uttara-model-college,108573,,Dhaka,Dhaka,Dhaka,Dhaka Sadar,true,0,2026-05-15 09:56:46.10834+00
c5d13b03-4b96-4803-98b7-7a15e29b9ddb,মাগুরা সরকারি হোসেন শহীদ সোহরাওয়ার্দী কলেজ,MHSS,Magura Govt. H.S.S. College,college,,true,2026-05-15 09:51:05.972643+00,117960,"[""magura govt. h.s.s. college""]",magura-govt-hss-college,117960,,Khulna,Khulna,Magura,Magura Sadar,true,0,2026-05-15 09:56:46.10834+00
c5da5c6d-5e8d-448d-a07c-4b90ee01e7c7,কুমিল্লা বিশ্ববিদ্যালয়,CoU,Comilla University,university,"Cumilla, Chattogram",true,2026-05-15 16:34:19.719951+00,90000025,"[""comilla university"",""cou"",""cumilla university"",""কুবি""]",comilla-university,90000025,,,Chattogram,Cumilla,Cumilla Sadar South,true,25,2026-05-15 16:34:19.719951+00
c70f8a2b-356a-4d46-a977-297b3fd4d4bd,"বৃন্দাবন সরকারি কলেজ, হবিগঞ্জ",BCH,"Brindaban Govt. College, Habiganj",college,,true,2026-05-15 09:51:05.972643+00,129176,"[""brindaban govt. college, habiganj""]",brindaban-govt-college-habiganj,129176,,Sylhet,Sylhet,Habiganj,Habiganj Sadar,true,0,2026-05-15 09:56:46.10834+00
c722aef2-3341-419f-804b-fa7bfecc01fe,রংপুর সরকারি কলেজ,RGC,Rangpur Govt. College,college,,true,2026-05-15 09:51:05.972643+00,127484,"[""rangpur govt. college""]",rangpur-govt-college,127484,,Rangpur,Rangpur,Rangpur,Rangpur Sadar,true,0,2026-05-16 06:23:25.894956+00
cae57310-6e36-4582-8720-18b862251aa6,চট্টগ্রাম প্রকৌশল ও প্রযুক্তি বিশ্ববিদ্যালয়,CUET,Chittagong University of Engineering & Technology,university,"Chattogram, Chattogram",true,2026-05-15 16:34:19.719951+00,90000012,"[""chittagong university of engineering & technology"",""cuet"",""chittagong university of engineering and technology"",""চুয়েট""]",chittagong-university-of-engineering-and-technology,90000012,,,Chattogram,Chattogram,Raozan,true,12,2026-05-15 16:34:19.719951+00
cb27b287-4408-4699-86d7-308251ba09aa,সিলেট বিজ্ঞান কলেজ,SSC,Sylhet Science College,college,,true,2026-05-15 09:51:05.972643+00,131912,"[""sylhet science college""]",sylhet-science-college,131912,,Sylhet,Sylhet,Sylhet,Sylhet Sadar,true,0,2026-05-16 06:23:25.894956+00
cc6b969f-0290-42e2-a1d5-9d56791ef7dc,"সরকারি আজিজুল হক কলেজ, বগুড়া",AHCB,"Govt. Azizul Haque College, Bogura",college,,true,2026-05-15 09:51:05.972643+00,119246,"[""govt. azizul haque college, bogura""]",govt-azizul-haque-college-bogura,119246,,Rajshahi,Rajshahi,Bogura,Bogura Sadar,true,0,2026-05-15 09:56:46.10834+00
cd2866dc-177f-44fb-acdd-3c733da0cbc0,শহীদ বীর উত্তম লে. আনোয়ার গার্লস কলেজ,SBUAGC,Shaheed Bir Uttam Lt. Anwar Girls' College,college,"Dhaka, Dhaka",true,2026-05-15 17:06:49.215844+00,92000004,"[""shaheed bir uttam lt. anwar girls' college"",""lt anwar girls college"",""anwar girls college"",""শহীদ বীর উত্তম লে. আনোয়ার গার্লস কলেজ""]",shaheed-bir-uttam-lt-anwar-girls-college,92000004,,,Dhaka,Dhaka,,true,204,2026-05-15 17:19:02.565067+00
cd96996b-671b-4140-a928-1891c1dc68a6,বঙ্গবন্ধু শেখ মুজিবুর রহমান কৃষি বিশ্ববিদ্যালয়,BSMRAU,Bangabandhu Sheikh Mujibur Rahman Agricultural University,university,"Gazipur, Dhaka",true,2026-05-15 16:34:19.719951+00,90000031,"[""bangabandhu sheikh mujibur rahman agricultural university"",""bsmrau"",""বশেমুরকৃবি""]",bangabandhu-sheikh-mujibur-rahman-agricultural-university,90000031,,,Dhaka,Gazipur,Gazipur Sadar,true,31,2026-05-15 16:34:19.719951+00
cdf9cd8b-c5b9-43ae-ad72-72cda57288c7,"কাদিরাবাদ ক্যান্টনমেন্ট স্যাপার কলেজ, নাটোর",QCSC,"Qadirabad Cantonment Sapper College, Natore",college,"Natore, Rajshahi",true,2026-05-15 17:06:49.215844+00,92000027,"[""qadirabad cantonment sapper college"",""qadirabad sapper college"",""qadirabad college"",""কাদিরাবাদ ক্যান্টনমেন্ট স্যাপার কলেজ""]",qadirabad-cantonment-sapper-college-natore,92000027,,,Rajshahi,Natore,,true,227,2026-05-15 17:19:02.565067+00
cf349afc-5987-4274-8c1c-5b9b19b6cb50,কুমিল্লা ক্যাডেট কলেজ,CCC,Cumilla Cadet College,college,,true,2026-05-15 09:51:05.972643+00,105829,"[""cumilla cadet college"",""comilla cadet college"",""কুমিল্লা ক্যাডেট কলেজ"",""ccc""]",cumilla-cadet-college,105829,,Cumilla,Chattogram,Cumilla,Cumilla Adarsha Sadar,true,0,2026-05-15 09:56:46.10834+00
cfc07de5-7843-4662-9c59-02ac7bbd097c,"ক্যান্টনমেন্ট ইংলিশ স্কুল অ্যান্ড কলেজ (CESC), চট্টগ্রাম",CESC,"Cantonment English School and College (CESC), Chattogram",college,"Chattogram, Chattogram",true,2026-05-15 17:06:49.215844+00,92000018,"[""cesc"",""cesc chattogram"",""cantonment english school and college"",""ক্যান্টনমেন্ট ইংলিশ স্কুল অ্যান্ড কলেজ""]",cantonment-english-school-and-college-cesc-chattogram,92000018,,,Chattogram,Chattogram,,true,218,2026-05-15 17:19:02.565067+00
d01a2f31-3c41-400b-a367-f53be23645b2,"ক্যান্টনমেন্ট পাবলিক স্কুল অ্যান্ড কলেজ, রংপুর",CPCR,"Cantonment Public School & College, Rangpur",college,,true,2026-05-15 09:51:05.972643+00,127500,"[""cantonment public school & college, rangpur""]",cantonment-public-school-college-rangpur,127500,,Rangpur,Rangpur,Rangpur,Rangpur Sadar,true,0,2026-05-15 09:56:46.10834+00
d15e4bfd-929a-4ebe-aa65-4e2625a93c32,যশোর সরকারি মহিলা কলেজ,JGMC,Jashore Govt. Mohila College,college,,true,2026-05-15 09:51:05.972643+00,116107,"[""jashore govt. mohila college""]",jashore-govt-mohila-college,116107,,Khulna,Khulna,Jashore,Jashore Sadar,true,0,2026-05-16 06:23:25.894956+00
d3d783a7-6632-45db-91cb-fa202e5601a7,"সরকারি বি. এল. কলেজ, খুলনা",BLCK,"Govt. B. L. College, Khulna",college,,true,2026-05-15 09:51:05.972643+00,116954,"[""govt. b. l. college, khulna"",""b l college""]",govt-b-l-college-khulna,116954,,Khulna,Khulna,Khulna,Khulna Sadar,true,0,2026-05-15 09:56:46.10834+00
d608c4b8-ef24-4b40-a309-ed732450e95e,সিলেট সরকারি কলেজ,SGC,Sylhet Govt. College,college,,true,2026-05-15 09:51:05.972643+00,130450,"[""sylhet govt. college""]",sylhet-govt-college,130450,government,Sylhet,Sylhet,Sylhet,Sylhet Sadar,true,0,2026-05-15 19:29:56.706428+00
d61c743f-566f-4e2c-a8ca-c29827265646,হাজী মোহাম্মদ দানেশ বিজ্ঞান ও প্রযুক্তি বিশ্ববিদ্যালয়,HSTU,Hajee Mohammad Danesh Science and Technology University,university,"Dinajpur, Rangpur",true,2026-05-15 16:34:19.719951+00,90000018,"[""hajee mohammad danesh science and technology university"",""hstu"",""হাবিপ্রবি""]",hajee-mohammad-danesh-science-and-technology-university,90000018,,,Rangpur,Dinajpur,Dinajpur Sadar,true,18,2026-05-15 16:34:19.719951+00
d68ae447-c120-421b-9283-f05c5d28a68e,"সরকারি মজিবর রহমান মহিলা কলেজ, বগুড়া",GMRWC,"Govt. Mujibur Rahman Women's College, Bogura",college,"Bogura, Rajshahi",true,2026-05-15 17:06:49.215844+00,92000024,"[""govt mujibur rahman women's college"",""government mujibur rahman women college"",""মজিবর রহমান মহিলা কলেজ""]",govt-mujibur-rahman-womens-college-bogura,92000024,,,Rajshahi,Bogura,,true,224,2026-05-15 17:19:02.565067+00
d6991c71-1266-4de0-a9f2-258eaeac0f36,"ইন্ডিপেনডেন্ট ইউনিভার্সিটি, বাংলাদেশ",IUB,"Independent University, Bangladesh",university,"Dhaka, Dhaka",true,2026-05-15 16:34:19.719951+00,90000038,"[""independent university, bangladesh"",""iub"",""independent university bangladesh""]",independent-university-bangladesh,90000038,,,Dhaka,Dhaka,Dhaka Sadar,true,38,2026-05-15 16:34:19.719951+00
d7a9f25c-2077-427c-8458-c39f06c1c8ee,ময়মনসিংহ আইডিয়াল কলেজ,MIC,Mymensingh Ideal College,college,,true,2026-05-15 09:51:05.972643+00,130589,"[""mymensingh ideal college""]",mymensingh-ideal-college,130589,,Mymensingh,Mymensingh,Mymensingh,Mymensingh Sadar,true,0,2026-05-16 06:23:25.894956+00
d85099d6-93e8-441d-a320-82f4705743b8,"সরকারি মহিলা কলেজ, বরিশাল",WCB,"Govt. Women's College, Barishal",college,,true,2026-05-15 09:51:05.972643+00,100874,"[""govt. women’s college, barishal""]",govt-womens-college-barishal,100874,,Barishal,Barishal,Barishal,Barishal Sadar,true,0,2026-05-15 09:56:46.10834+00
dcbb35ff-aa5d-4287-88f7-72beee55ccba,"কারমাইকেল কলেজ, রংপুর",CCR,"Carmichael College, Rangpur",college,,true,2026-05-15 09:51:05.972643+00,127489,"[""carmichael college, rangpur"",""carmichael college""]",carmichael-college-rangpur,127489,,Rangpur,Rangpur,Rangpur,Rangpur Sadar,true,0,2026-05-15 09:56:46.10834+00
dd1aef4f-5463-4841-acfc-83adec5e861f,সিলেট ক্যাডেট কলেজ,SCC,Sylhet Cadet College,college,,true,2026-05-15 09:51:05.972643+00,130454,"[""sylhet cadet college"",""সিলেট ক্যাডেট কলেজ"",""sc""]",sylhet-cadet-college,130454,,Sylhet,Sylhet,Sylhet,Sylhet Sadar,true,0,2026-05-16 06:23:25.894956+00
df0d2e9d-f45c-408c-b71f-57dc68b2d3af,মৌলভীবাজার সরকারি কলেজ,MGC,Moulvibazar Govt. College,college,,true,2026-05-15 09:51:05.972643+00,129696,"[""moulvibazar govt. college""]",moulvibazar-govt-college,129696,,Sylhet,Sylhet,Moulvibazar,Moulvibazar Sadar,true,0,2026-05-16 06:23:25.894956+00
e0a2996b-c75c-475e-b276-f8bb2d3d1396,চট্টগ্রাম সরকারি মহিলা কলেজ,CGWSC,Chattogram Govt. Women's College,college,,true,2026-05-15 09:51:05.972643+00,104710,"[""chattogram govt. women’s college""]",chattogram-govt-womens-college,104710,,Chattogram,Chattogram,Chattogram,Chattogram Sadar,true,0,2026-05-16 06:23:25.894956+00
e50b4c45-667e-41ef-a0f0-63f2680073ff,কক্সবাজার সরকারি মহিলা কলেজ,CBGWC,Cox's Bazar Govt. Women's College,college,"Cox's Bazar, Chattogram",true,2026-05-15 17:06:49.215844+00,92000023,"[""cox's bazar govt women's college"",""cox bazar government women college"",""কক্সবাজার সরকারি মহিলা কলেজ""]",coxs-bazar-govt-womens-college,92000023,,,Chattogram,Cox's Bazar,,true,223,2026-05-15 17:19:02.565067+00
e6b9a28d-86b5-4144-8a82-2d9fae683dc8,ঢাকা ইম্পেরিয়াল কলেজ,DIC,Dhaka Imperial College,college,"Dhaka, Dhaka",true,2026-05-15 17:06:49.215844+00,92000005,"[""dhaka imperial college"",""imperial college dhaka"",""ঢাকা ইম্পেরিয়াল কলেজ""]",dhaka-imperial-college,92000005,,,Dhaka,Dhaka,,true,205,2026-05-15 17:19:02.565067+00
e73774ae-9d69-4e10-9e8f-209a35b6dc09,মেহেরপুর সরকারি কলেজ,MGC,Meherpur Govt. College,college,"Meherpur, Khulna",true,2026-05-15 17:06:49.215844+00,92000034,"[""meherpur govt college"",""meherpur government college"",""মেহেরপুর সরকারি কলেজ""]",meherpur-govt-college,92000034,,,Khulna,Meherpur,,true,234,2026-05-15 17:19:02.565067+00
e7b6c693-da3a-4016-bda1-efd3a5daa27b,লালমনিরহাট সরকারি কলেজ,LGC,Lalmonirhat Govt. College,college,"Lalmonirhat, Rangpur",true,2026-05-15 17:06:49.215844+00,92000040,"[""lalmonirhat govt college"",""lalmonirhat government college"",""লালমনিরহাট সরকারি কলেজ""]",lalmonirhat-govt-college,92000040,,,Rangpur,Lalmonirhat,,true,240,2026-05-15 17:19:02.565067+00
e7d1212a-e37f-4a9e-ae5f-d8c852babf8a,গোপালগঞ্জ বিজ্ঞান ও প্রযুক্তি বিশ্ববিদ্যালয়,BSMRSTU,Gopalganj Science and Technology University,university,"Gopalganj, Dhaka",true,2026-05-15 16:34:19.719951+00,90000023,"[""gopalganj science and technology university"",""bsmrstu"",""bangabandhu sheikh mujibur rahman science and technology university"",""বশেমুরবিপ্রবি""]",gopalganj-science-and-technology-university,90000023,,,Dhaka,Gopalganj,Gopalganj Sadar,true,23,2026-05-15 16:34:19.719951+00
e8b96447-9984-4378-8295-b7d3fa1f12fe,"ইবনে তাইমিয়া স্কুল অ্যান্ড কলেজ, কুমিল্লা",ITSC,"Ibn Taimiya School and College, Cumilla",college,"Cumilla, Chattogram",true,2026-05-15 17:06:49.215844+00,92000021,"[""ibn taimiya school and college"",""ibn taimiya college"",""ইবনে তাইমিয়া স্কুল অ্যান্ড কলেজ""]",ibn-taimiya-school-and-college-cumilla,92000021,,,Chattogram,Cumilla,,true,221,2026-05-15 17:19:02.565067+00
ea2ac7cf-cdf9-4de3-b6c0-9c210c8a5e5c,কুষ্টিয়া সরকারি মহিলা কলেজ,KGWC,Kushtia Govt. Women's College,college,"Kushtia, Khulna",true,2026-05-15 17:06:49.215844+00,92000035,"[""kushtia govt women's college"",""kushtia government women college"",""কুষ্টিয়া সরকারি মহিলা কলেজ""]",kushtia-govt-womens-college,92000035,,,Khulna,Kushtia,,true,235,2026-05-15 17:19:02.565067+00
ebd520aa-85a9-4bfe-a944-bc7e5b0a954d,তেজগাঁও কলেজ,TC,Tejgaon College,college,,true,2026-05-15 09:51:05.972643+00,108533,"[""tejgaon college""]",tejgaon-college,108533,,Dhaka,Dhaka,Dhaka,Dhaka Sadar,true,0,2026-05-16 06:23:25.894956+00
ec58ba1c-e6e7-4b5d-b1a4-540c649d0b8a,কুড়িগ্রাম সরকারি মহিলা কলেজ,KGWSC,Kurigram Govt. Women's College,college,,true,2026-05-15 09:51:05.972643+00,122330,"[""kurigram govt. women’s college""]",kurigram-govt-womens-college,122330,,Rangpur,Rangpur,Kurigram,Kurigram Sadar,true,0,2026-05-16 06:23:25.894956+00
eca47053-245e-4074-801d-c6839786fc83,বেগম বদরুন্নেসা সরকারি মহিলা কলেজ,BBGGC,Begum Badrunnesa Govt. Girls' College,college,"Dhaka, Dhaka",true,2026-05-15 17:06:49.215844+00,92000007,"[""begum badrunnesa govt girls college"",""begum badrunnesa government girls college"",""badrunnesa college"",""bbggc"",""বেগম বদরুন্নেসা সরকারি মহিলা কলেজ""]",begum-badrunnesa-govt-girls-college,92000007,,,Dhaka,Dhaka,,true,207,2026-05-15 17:19:02.565067+00
ee9e3e6c-6420-446d-a7b9-737153dc06a4,"সরকারি সুন্দরবন আদর্শ কলেজ, খুলনা",SACK,"Govt. Sundarban Adarsha College, Khulna",college,,true,2026-05-15 09:51:05.972643+00,117163,"[""govt. sundarban adarsha college, khulna""]",govt-sundarban-adarsha-college-khulna,117163,,Khulna,Khulna,Khulna,Khulna Sadar,true,0,2026-05-15 09:56:46.10834+00
eeaa8a87-087d-49bf-bf27-288c7610ccfb,ফেনী গার্লস ক্যাডেট কলেজ,FGCC,Feni Girls' Cadet College,college,,true,2026-05-15 09:51:05.972643+00,131498,"[""feni girls cadet college"",""feni girls' cadet college"",""ফেনী গার্লস ক্যাডেট কলেজ"",""fgcc""]",feni-girls-cadet-college,131498,,Cumilla,Chattogram,Feni,Feni Sadar,true,0,2026-05-15 09:56:46.10834+00
ef8a54cd-2e50-434a-97d4-d4d88bf1eaaf,খুলনা বিশ্ববিদ্যালয়,KU,Khulna University,university,"Khulna, Khulna",true,2026-05-15 16:34:19.719951+00,90000006,"[""khulna university"",""ku"",""খুবি""]",khulna-university,90000006,,,Khulna,Khulna,Khulna Sadar,true,6,2026-05-15 16:34:19.719951+00
effd08a3-002b-49b6-984b-368c62d1346e,ঢাকা প্রকৌশল ও প্রযুক্তি বিশ্ববিদ্যালয়,DUET,Dhaka University of Engineering & Technology,university,"Gazipur, Dhaka",true,2026-05-15 16:34:19.719951+00,90000010,"[""dhaka university of engineering & technology"",""duet"",""dhaka university of engineering and technology"",""ডুয়েট""]",dhaka-university-of-engineering-and-technology,90000010,,,Dhaka,Gazipur,Gazipur Sadar,true,10,2026-05-15 16:34:19.719951+00
f24ad9f1-314f-4ac3-9fd9-025cd985bb7e,মিলিটারি ইনস্টিটিউট অব সায়েন্স অ্যান্ড টেকনোলজি,MIST,Military Institute of Science and Technology,university,"Dhaka, Dhaka",true,2026-05-15 16:34:19.719951+00,90000015,"[""military institute of science and technology"",""mist"",""এমআইএসটি""]",military-institute-of-science-and-technology,90000015,,,Dhaka,Dhaka,Mirpur,true,15,2026-05-15 16:34:19.719951+00
f550e30c-2bb5-4a5a-bdb4-954c699a8830,"হোলি ল্যান্ড কলেজ, দিনাজপুর",HLC,"Holy Land College, Dinajpur",college,"Dinajpur, Rangpur",true,2026-05-15 17:06:49.215844+00,92000037,"[""holy land college"",""holy land college dinajpur"",""হোলি ল্যান্ড কলেজ""]",holy-land-college-dinajpur,92000037,,,Rangpur,Dinajpur,,true,237,2026-05-15 17:19:02.565067+00
f593a4f9-c93a-4211-a4bb-adb1a5a61af0,"সরকারি এম. এম. কলেজ, যশোর",MMCJ,"Govt. M. M. College, Jashore",college,,true,2026-05-15 09:51:05.972643+00,116101,"[""govt. m. m. college, jashore""]",govt-m-m-college-jashore,116101,,Khulna,Khulna,Jashore,Jashore Sadar,true,0,2026-05-15 09:56:46.10834+00
f7cecbcf-05ec-4a74-be49-56f7534baf9e,জয়পুরহাট সরকারি মহিলা কলেজ,JGWC,Joypurhat Govt. Women's College,college,"Joypurhat, Rajshahi",true,2026-05-15 17:06:49.215844+00,92000029,"[""joypurhat govt women's college"",""joypurhat government women college"",""জয়পুরহাট সরকারি মহিলা কলেজ""]",joypurhat-govt-womens-college,92000029,,,Rajshahi,Joypurhat,,true,229,2026-05-15 17:19:02.565067+00
f851f706-9ee3-4a06-882b-a34090f0d7f6,ইস্পাহানি পাবলিক স্কুল অ্যান্ড কলেজ,IPSC,Ispahani Public School & College,college,,true,2026-05-15 09:51:05.972643+00,104276,"[""ispahani public school & college""]",ispahani-public-school-college,104276,,Chattogram,Chattogram,Chattogram,Chattogram Sadar,true,0,2026-05-16 06:23:25.894956+00
faee0406-98a2-4ddd-b3bc-53611449ebd5,পটুয়াখালী বিজ্ঞান ও প্রযুক্তি বিশ্ববিদ্যালয়,PSTU,Patuakhali Science and Technology University,university,"Patuakhali, Barishal",true,2026-05-15 16:34:19.719951+00,90000022,"[""patuakhali science and technology university"",""pstu"",""পবিপ্রবি""]",patuakhali-science-and-technology-university,90000022,,,Barishal,Patuakhali,Dumki,true,22,2026-05-15 16:34:19.719951+00
fbd9f01e-f0c6-4ba2-ac46-beea4f655ac1,ঢাকা কমার্স কলেজ,DCC,Dhaka Commerce College,college,,true,2026-05-15 09:51:05.972643+00,108207,"[""dhaka commerce college""]",dhaka-commerce-college,108207,,Dhaka,Dhaka,Dhaka,Dhaka Sadar,true,0,2026-05-16 06:23:25.894956+00
fcd36bae-95f7-4df8-8b37-cebf84c585e3,"সরকারি আনন্দ মোহন কলেজ, ময়মনসিংহ",AMCM,"Govt. Ananda Mohan College, Mymensingh",college,,true,2026-05-15 09:51:05.972643+00,111911,"[""govt. ananda mohan college, mymensingh"",""ananda mohan college""]",govt-ananda-mohan-college-mymensingh,111911,,Mymensingh,Mymensingh,Mymensingh,Mymensingh Sadar,true,0,2026-05-15 09:56:46.10834+00